Name,Address,Geo Location,in state,out of state,First Year Students,Acceptance Rate (T/F/M),Total Applicants,Applicants Stats (F/M),Percent Accepted that Attend,Sex,Percent (F/M),Retention,International Students
kings college london,n/a,n/a,unknown,unknown,,n/a,n/a,n/a,n/a,n/a,('n/a' 'n/a'),n/a,n/a
kings college new york,56 Broadway New York NY 10004,(40.70683 -74.01246),$54954,$54954,57,('44%' '46%' '38%'),1011,('65%' '35%'),13%,Co-ed,('63%' '37%'),79%,3%,4%,5%,7%,1%,24%,59%
kings college pennsylvania,133 N River St Wilkes-Barre PA 18711,(41.25033 -75.88013),$55166,$55166,418,('96%' '96%' '95%'),3079,('54%' '46%'),14%,Co-ed,('48%' '52%'),74%,9%,2%,4%,7%,&lt; 1%,10%,77%
kings university texas,2121 E. Southlake Boulevard Southlake TX 76092,(32.93968 -97.12109),$15900,$15900,10,n/a,n/a,n/a,n/a,Co-ed,('n/a' 'n/a'),38%,3%,4%,12%,10%,2%,11%,61%
kirkwood community college,6301 Kirkwood Blvd SW Cedar Rapids IA 52406-2068,(41.91577 -91.6566),$5308,$7072,1647,n/a,n/a,n/a,n/a,Co-ed,('n/a' 'n/a'),65%,1%,2%,10%,6%,1%,10%,71%
kirtland community college,4800 W 4 Mile Road Grayling MI 49738,(44.59848 -84.70142),$6390,$8580,91,n/a,n/a,n/a,n/a,Co-ed,('n/a' 'n/a'),54%,0%,1%,2%,3%,1%,6%,88%
kishwaukee college,21193 Malta Rd Malta IL 60150-9699,(41.93892 -88.88111),$9390,$13800,327,n/a,n/a,n/a,n/a,Co-ed,('n/a' 'n/a'),60%,0%,1%,11%,24%,1%,6%,57%
klamath community college,7390 South Sixth Street Klamath Falls OR 97603-7121,(42.19619 -121.69868),$4497,$7125,138,n/a,n/a,n/a,n/a,Co-ed,('n/a' 'n/a'),52%,0%,1%,1%,19%,2%,11%,65%
knox college,2 E South St Galesburg IL 61401,(40.94387 -90.37102),$61797,$61797,270,('70%' '73%' '66%'),3061,('52%' '48%'),13%,Co-ed,('54%' '46%'),81%,17%,6%,9%,17%,&lt; 1%,10%,57%
kutztown university of pennsylvania,15200 Kutztown Rd Kutztown PA 19530,(40.50976 -75.78415),$22000,$26108,1490,('97%' '98%' '96%'),6698,('56%' '44%'),23%,Co-ed,('55%' '45%'),74%,1%,2%,8%,9%,&lt; 1%,5%,76%
kuyper college,3333 East Beltline Ave NE Grand Rapids MI 49525,(43.02215 -85.59044),$32710,$32710,17,('69%' '62%' '81%'),106,('65%' '35%'),23%,Co-ed,('35%' '65%'),75%,4%,3%,2%,3%,1%,8%,84%
la roche university,9000 Babcock Blvd Pittsburgh PA 15237,(40.56723 -80.01648),$44204,$44204,148,('98%' '97%' '98%'),1444,('54%' '46%'),10%,Co-ed,('63%' '37%'),70%,17%,2%,10%,4%,&lt; 1%,10%,73%
la salle university,1900 W Olney Ave Philadelphia PA 19141,(40.03832 -75.15379),$48500,$48500,482,('81%' '82%' '79%'),5818,('64%' '36%'),10%,Co-ed,('61%' '39%'),74%,2%,5%,21%,18%,&lt; 1%,7%,49%
la sierra university,4500 Riverwalk Parkway Riverside CA 92505,(33.90975 -117.49507),$43008,$43008,287,('66%' '67%' '63%'),2726,('67%' '33%'),16%,Co-ed,('56%' '44%'),78%,12%,20%,8%,52%,&lt; 1%,4%,16%
labette community college,200 S 14th Parsons KS 67357-4201,(37.33911 -95.25594),$3488,$4288,212,n/a,n/a,n/a,n/a,Co-ed,('n/a' 'n/a'),53%,0%,&lt; 1%,5%,8%,2%,7%,77%
laboure college,303 Adams Street Milton MA 02186,(42.2605 -71.05812),$32813,$32813,,n/a,n/a,n/a,n/a,,('n/a' 'n/a'),n/a,n/a
lac courte oreilles ojibwe college,13466 W Trepania Rd Hayward WI 54843,(45.94179 -91.36473),$4590,$4590,13,n/a,n/a,n/a,n/a,Co-ed,('n/a' 'n/a'),67%,0%,&lt; 1%,10%,&lt; 1%,77%,3%,9%
lackawanna college,501 Vine St Scranton PA 18509,(41.41156 -75.65933),$27030,$27030,450,n/a,n/a,n/a,n/a,Co-ed,('n/a' 'n/a'),20%,0%,2%,10%,7%,&lt; 1%,22%,60%
lafayette college,High St Easton PA 18042,(40.70064 -75.20546),$73784,$73784,782,('41%' '41%' '39%'),8262,('48%' '52%'),23%,Co-ed,('47%' '53%'),93%,10%,5%,5%,7%,&lt; 1%,10%,73%
lagrange college,601 Broad Street Lagrange GA 30240,(33.03861 -85.04342),$45100,$45100,130,('75%' '74%' '75%'),1271,('30%' '70%'),14%,Co-ed,('31%' '69%'),60%,1%,1%,22%,1%,&lt; 1%,3%,73%
laguna college of art and design lcad,2222 Laguna Canyon Rd Laguna Beach CA 92651,(33.56122 -117.77278),$50096,$50096,123,('83%' '85%' '77%'),581,('74%' '26%'),25%,Co-ed,('74%' '26%'),78%,5%,20%,2%,21%,1%,5%,51%
lake area technical college,1201 Arrow Avenue Watertown SD 57201-0730,(44.90112 -97.09529),$6718,$6718,707,n/a,n/a,n/a,n/a,Co-ed,('n/a' 'n/a'),76%,0%,1%,1%,2%,3%,4%,90%
lake erie college,391 W Washington St Painesville OH 44077,(41.7194 -81.25067),$44760,$44760,189,('55%' '56%' '53%'),1151,('41%' '59%'),30%,Co-ed,('38%' '62%'),67%,3%,1%,17%,6%,&lt; 1%,7%,68%
lake forest college,555 N Sheridan Road Lake Forest IL 60045,(42.2519 -87.83007),$62500,$62500,417,('64%' '66%' '61%'),4358,('55%' '45%'),15%,Co-ed,('52%' '48%'),83%,8%,6%,5%,15%,&lt; 1%,13%,60%
lake land college,5001 Lake Land Blvd Mattoon IL 61938,(39.417081 -88.378011),$8104,$13906,683,n/a,n/a,n/a,n/a,Co-ed,('n/a' 'n/a'),69%,0%,1%,2%,3%,&lt; 1%,4%,89%
lake michigan college,2755 East Napier Avenue Benton Harbor MI 49022,(42.08939 -86.39118),$16880,$16880,,n/a,n/a,n/a,n/a,,('n/a' 'n/a'),n/a,n/a
lake region state college,1801 College Dr N Devils Lake ND 58301-1598,(48.1304 -98.86586),$11950,$11950,166,n/a,n/a,n/a,n/a,Co-ed,('n/a' 'n/a'),65%,3%,1%,2%,4%,3%,14%,76%
lake sumter state college,9501 US Hwy 441 Leesburg FL 34788-8751,(28.8272 -81.79703),$3292,$13276,416,n/a,n/a,n/a,n/a,Co-ed,('n/a' 'n/a'),n/a,n/a
lake superior college,2101 Trinity Rd Duluth MN 55811-3399,(46.78282 -92.13878),$5616,$5616,375,n/a,n/a,n/a,n/a,Co-ed,('n/a' 'n/a'),59%,1%,1%,3%,4%,1%,8%,84%
lake superior state university,650 W Easterday Ave Sault Ste Marie MI 49783,(46.49169 -84.36271),$24716,$24716,373,('73%' '75%' '69%'),2411,('60%' '40%'),21%,Co-ed,('55%' '45%'),77%,5%,1%,1%,2%,9%,2%,84%
lake tahoe community college,One College Drive South Lake Tahoe CA 96150,(38.92683 -119.97175),$12381,$19761,89,n/a,n/a,n/a,n/a,Co-ed,('n/a' 'n/a'),44%,1%,6%,7%,35%,1%,8%,42%
lake washington institute of technology,11605 132nd Ave NE Kirkland WA 98034-8506,(47.70304 -122.16449),$4609,$10146,129,n/a,n/a,n/a,n/a,Co-ed,('n/a' 'n/a'),n/a,n/a
lakeland community college,7700 Clocktower Drive Kirtland OH 44094-5198,(41.63708 -81.36165),$4347,$8975,340,n/a,n/a,n/a,n/a,Co-ed,('n/a' 'n/a'),60%,0%,2%,12%,5%,&lt; 1%,10%,71%
lakeland university,W3718 South Drive Plymouth WI 53073,(43.84216 -87.88504),$42008,$42008,164,('80%' '86%' '77%'),1101,('29%' '71%'),19%,Co-ed,('38%' '62%'),67%,2%,5%,6%,5%,1%,6%,78%
lakes region community college,379 Belmont Road Laconia NH 03246,(43.50856 -71.46046),$17866,$26116,89,n/a,n/a,n/a,n/a,Co-ed,('n/a' 'n/a'),52%,0%,&lt; 1%,1%,3%,1%,20%,75%
lakeshore technical college,1290 North Avenue Cleveland WI 53015-1414,(43.92458 -87.75383),$4484,$6599,173,n/a,n/a,n/a,n/a,Co-ed,('n/a' 'n/a'),65%,0%,9%,3%,7%,1%,5%,76%
lamar community college,2401 S Main St Lamar CO 81052-3999,(38.0663 -102.61727),$11286,$13742,168,n/a,n/a,n/a,n/a,Co-ed,('n/a' 'n/a'),58%,2%,&lt; 1%,5%,34%,2%,4%,55%
lamar state college orange,410 Front St Orange TX 77630,(30.09172 -93.73254),$3192,$13320,196,n/a,n/a,n/a,n/a,Co-ed,('n/a' 'n/a'),53%,0%,1%,16%,11%,&lt; 1%,1%,71%
lamar state college port arthur,1500 Proctor St Port Arthur TX 77640,(29.88035 -93.92627),$2400,$7890,218,n/a,n/a,n/a,n/a,Co-ed,('n/a' 'n/a'),60%,0%,6%,28%,37%,&lt; 1%,2%,27%
lamar university,4400 MLK Blvd Beaumont TX 77705,(30.04567 -94.07443),$17754,$27546,1569,('88%' '90%' '84%'),6129,('60%' '40%'),29%,Co-ed,('55%' '45%'),64%,1%,5%,26%,17%,1%,4%,47%
lancaster bible college,901 Eden Rd Lancaster PA 17601-5036,(40.07333 -76.28789),$38574,$38574,146,('96%' '98%' '92%'),275,('55%' '45%'),58%,Co-ed,('59%' '41%'),80%,0%,2%,21%,4%,&lt; 1%,24%,50%
lander university,320 Stanley Avenue Greenwood SC 29649,(34.19765 -82.16609),$22350,$31950,899,('69%' '70%' '66%'),4795,('72%' '28%'),27%,Co-ed,('70%' '30%'),64%,2%,2%,27%,2%,&lt; 1%,7%,62%
landing school,286 River Rd Arundel ME 04046,(43.37995 -70.50382),$26012,$26012,13,n/a,n/a,n/a,n/a,Co-ed,('n/a' 'n/a'),100%,0%,6%,2%,2%,&lt; 1%,&lt; 1%,91%
landmark college,19 River Rd South Putney VT 05346,(42.97806 -72.51543),$75180,$75180,98,('53%' '47%' '55%'),469,('36%' '64%'),40%,Co-ed,('33%' '67%'),47%,2%,3%,3%,5%,&lt; 1%,23%,65%
lane college,545 Lane Ave Jackson TN 38301,(35.62771 -88.80684),$19400,$19400,405,n/a,n/a,n/a,n/a,Co-ed,('n/a' 'n/a'),50%,0%,&lt; 1%,93%,&lt; 1%,&lt; 1%,7%,&lt; 1%
lane community college,4000 E 30th Ave Eugene OR 97405-0640,(44.01421 -123.03507),$15827,$21839,840,n/a,n/a,n/a,n/a,Co-ed,('n/a' 'n/a'),53%,2%,3%,2%,16%,2%,10%,67%
laney college,900 Fallon Sreet Oakland CA 94607,(37.79717 -122.26383),$1148,$8684,181,n/a,n/a,n/a,n/a,Co-ed,('n/a' 'n/a'),63%,3%,25%,19%,27%,1%,9%,19%
langston university,102 Page Hall Langston OK 73050,(35.94606 -97.25446),$17129,$24509,574,n/a,n/a,n/a,n/a,Co-ed,('n/a' 'n/a'),52%,1%,1%,68%,2%,1%,21%,7%
lanier technical college,2535 Lanier Tech Drive Gainesville GA 30507,(34.33127 -83.78064),$3666,$6666,291,n/a,n/a,n/a,n/a,Co-ed,('n/a' 'n/a'),60%,1%,3%,8%,24%,1%,2%,62%
lansdale school of business,290 Wissahickon Avenue North Wales PA 19454-4114,(40.22396 -75.28435),$11850,$11850,37,n/a,n/a,n/a,n/a,Co-ed,('n/a' 'n/a'),83%,0%,5%,37%,11%,&lt; 1%,&lt; 1%,47%
lansing community college,610 N Capitol Ave Lansing MI 48933,(42.73993 -84.55382),$6840,$10260,981,n/a,n/a,n/a,n/a,Co-ed,('n/a' 'n/a'),64%,1%,3%,10%,9%,1%,8%,70%
laramie county community college,1400 E College Dr Cheyenne WY 82007-3299,(41.10263 -104.77792),$13155,$19455,488,n/a,n/a,n/a,n/a,Co-ed,('n/a' 'n/a'),n/a,n/a
laredo college,West End Washington St Laredo TX 78040-4395,(27.50866 -99.51914),$4500,$5748,815,n/a,n/a,n/a,n/a,Co-ed,('n/a' 'n/a'),n/a,n/a
las positas college,3000 Campus Hill Drive Livermore CA 94551-7650,(37.7069 -121.79644),$1168,$8728,701,n/a,n/a,n/a,n/a,Co-ed,('n/a' 'n/a'),79%,1%,24%,4%,30%,1%,10%,31%
las vegas college,8410 N. Rafael Rivera Way Las Vegas NV 89113,(36.06719 -115.27532),$15663,$15663,,n/a,n/a,n/a,n/a,Very diverse,('n/a' 'n/a'),n/a,n/a
lasell college lc,1844 Commonwealth Avenue Newton MA 02466,(42.34325 -71.24189),$58500,$58500,303,('85%' '85%' '83%'),2550,('64%' '36%'),14%,Co-ed,('61%' '39%'),68%,7%,2%,7%,10%,&lt; 1%,10%,71%
lassen community college,478-200 Hwy 139 Susanville CA 96130,(40.43435 -120.63418),$11273,$17993,120,n/a,n/a,n/a,n/a,Co-ed,('n/a' 'n/a'),52%,1%,4%,13%,31%,3%,8%,42%
latin american bible institute,14209 East Lomitas Avenue La Puente CA 91746-3099,(34.03065 -117.98961),$16200,$16200,6,('36%' '41%' '28%'),69,('59%' '41%'),24%,Co-ed,('83%' '17%'),n/a,n/a
laurel business institute,11 East Penn St Uniontown PA 15401,(39.90256 -79.72481),$10970,$10970,111,('91%' '90%' '91%'),176,('74%' '26%'),71%,Co-ed,('72%' '28%'),78%,0%,&lt; 1%,5%,&lt; 1%,&lt; 1%,1%,93%
laurel ridge community college,173 Skirmisher Lane Middletown VA 22645,(39.0358 -78.26823),$4739,$10742,500,n/a,n/a,n/a,n/a,Co-ed,('n/a' 'n/a'),60%,1%,2%,5%,13%,&lt; 1%,10%,70%
laurel technical institute hermitage,2370 Broadway Avenue Hermitage PA 16148,(41.19016 -80.46346),$11028,$11028,56,('97%' '94%' '100%'),90,('60%' '40%'),64%,Co-ed,('58%' '42%'),73%,0%,1%,17%,1%,1%,9%,71%
laurel technical institute meadville,11618 Cotton Road MEADVILLE PA 16335,(41.62613 -80.22251),$10582,$10582,57,('91%' '93%' '75%'),80,('90%' '10%'),84%,Co-ed,('91%' '9%'),79%,0%,&lt; 1%,7%,&lt; 1%,1%,2%,90%
lawrence technological university,21000 West Ten Mile Road Southfield MI 48075,(42.47472 -83.24998),$48735,$48735,475,('81%' '79%' '81%'),2641,('30%' '70%'),22%,Co-ed,('27%' '73%'),81%,13%,3%,7%,4%,&lt; 1%,16%,69%
lawrence university,College Ave Appleton WI 54911,(44.2618 -88.40517),$63585,$63585,402,('75%' '79%' '69%'),2907,('54%' '46%'),18%,Co-ed,('53%' '47%'),85%,12%,6%,5%,10%,&lt; 1%,5%,73%
le moyne college,1419 Salt Springs Rd Syracuse NY 13214,(43.04764 -76.09083),$51370,$51370,613,('73%' '76%' '68%'),7462,('64%' '36%'),11%,Co-ed,('65%' '35%'),84%,1%,3%,6%,5%,&lt; 1%,10%,76%
le moyne owen college,807 Walker Ave Memphis TN 38126,(35.11935 -90.03439),$18176,$18176,76,('98%' '99%' '95%'),283,('58%' '42%'),27%,Co-ed,('51%' '49%'),62%,2%,&lt; 1%,99%,1%,&lt; 1%,&lt; 1%,&lt; 1%
lebanon valley college,101 N College Ave Annville PA 17003,(40.33181 -76.51345),$59990,$59990,474,('78%' '81%' '72%'),3019,('53%' '47%'),20%,Co-ed,('51%' '49%'),82%,1%,2%,4%,6%,&lt; 1%,6%,81%
lee college,511 S Whiting Baytown TX 77520,(29.73023 -94.97544),$3882,$4302,299,n/a,n/a,n/a,n/a,Co-ed,('n/a' 'n/a'),22%,0%,2%,13%,47%,&lt; 1%,5%,32%
lee university,1120 N Ocoee St Cleveland TN 37311,(35.16604 -84.87163),$29010,$29010,620,('83%' '82%' '84%'),2222,('71%' '29%'),34%,Co-ed,('65%' '35%'),80%,3%,1%,5%,2%,1%,13%,78%
leech lake tribal college,6945 Littlewolf Road NW Cass Lake MN 56633,(47.39636 -94.65214),$4850,$4850,21,n/a,n/a,n/a,n/a,Co-ed,('n/a' 'n/a'),78%,0%,&lt; 1%,1%,&lt; 1%,81%,9%,8%
lees mcrae college,191 Main Street Banner Elk NC 28604,(36.16255 -81.87513),$39840,$39840,247,('60%' '59%' '60%'),1743,('65%' '35%'),24%,Co-ed,('61%' '39%'),67%,2%,1%,7%,6%,1%,12%,74%
leeward community college,96-045 Ala Ike Pearl City HI 96782-3366,(21.39336 -157.98002),$3209,$8345,517,n/a,n/a,n/a,n/a,Co-ed,('n/a' 'n/a'),68%,1%,37%,2%,16%,5%,32%,8%
lehigh carbon community college,4525 Education Park Dr Schnecksville PA 18078-2598,(40.66313 -75.61097),$6720,$10080,759,n/a,n/a,n/a,n/a,Co-ed,('n/a' 'n/a'),60%,0%,3%,8%,27%,1%,7%,55%
lehigh university,27 Memorial Drive West Bethlehem PA 18015,(40.60711 -75.37897),$72800,$72800,1519,('46%' '51%' '41%'),14107,('48%' '52%'),23%,Co-ed,('47%' '53%'),94%,9%,9%,4%,9%,&lt; 1%,10%,68%
lenoir community college,231 Highway 58 South Kinston NC 28504,(35.22194 -77.57608),$2568,$8712,185,n/a,n/a,n/a,n/a,Co-ed,('n/a' 'n/a'),66%,0%,1%,31%,13%,1%,2%,52%
lenoir rhyne university,625 7th Avenue NE Hickory NC 28601,(35.73844 -81.32722),$54300,$54300,382,('86%' '86%' '84%'),4847,('60%' '40%'),9%,Co-ed,('55%' '45%'),68%,3%,2%,12%,6%,&lt; 1%,12%,68%
lesley university,29 Everett St Cambridge MA 02138,(42.37985 -71.11726),$46120,$46120,280,('87%' '90%' '78%'),2942,('73%' '27%'),11%,Co-ed,('76%' '24%'),80%,4%,5%,8%,13%,&lt; 1%,11%,63%
letourneau university,2100 S Mobberly Ave Longview TX 75602,(32.46684 -94.73064),$43660,$43660,328,('54%' '48%' '59%'),2290,('45%' '55%'),26%,Co-ed,('37%' '63%'),78%,3%,2%,10%,7%,1%,12%,68%
lewis and clark community college,5800 Godfrey Rd Godfrey IL 62035,(38.95117 -90.19079),$9552,$12552,427,n/a,n/a,n/a,n/a,Co-ed,('n/a' 'n/a'),65%,0%,1%,9%,3%,1%,9%,79%
lewis clark college,0615 S W Palatine Hill Rd Portland OR 97219,(45.45116 -122.66948),$71350,$71350,677,('79%' '81%' '75%'),5519,('65%' '35%'),15%,Co-ed,('65%' '35%'),82%,9%,6%,3%,12%,1%,12%,66%
lewis clark state college,500 8th Ave Lewiston ID 83501,(46.41246 -117.02896),$14842,$28098,394,('100%' '100%' '100%'),1580,('61%' '39%'),25%,Co-ed,('61%' '39%'),63%,2%,2%,1%,7%,3%,8%,80%
lewis university,One University Parkway Romeoville IL 60446,(41.6055 -88.07819),$46694,$46694,567,('71%' '72%' '69%'),4311,('54%' '46%'),18%,Co-ed,('50%' '50%'),82%,2%,4%,6%,20%,&lt; 1%,10%,59%
liberty university,1971 University Blvd Lynchburg VA 24515,(37.34994 -79.17855),$34260,$34260,5461,('99%' '99%' '99%'),28448,('61%' '39%'),19%,Co-ed,('57%' '43%'),82%,1%,1%,12%,5%,1%,32%,49%
life pacific college,1100 W. Covina Blvd. San Dimas CA 91773,(34.09937 -117.82906),$28407,$28407,76,('94%' '91%' '96%'),116,('53%' '47%'),70%,Co-ed,('44%' '56%'),75%,1%,4%,5%,36%,1%,13%,43%
life university,1269 Barclay Circle Marietta GA 30060,(33.93335 -84.5147),$28311,$28311,173,('96%' '98%' '94%'),318,('41%' '59%'),57%,Co-ed,('43%' '57%'),63%,7%,3%,32%,12%,2%,3%,48%
lim college,12 E 53rd St New York NY 10022-5268,(40.76006 -73.97498),$50204,$50204,206,('84%' '85%' '78%'),1157,('87%' '13%'),22%,Co-ed,('88%' '12%'),69%,10%,7%,23%,21%,1%,3%,44%
limestone university,1115 College Drive Gaffney SC 29340,(35.05709 -81.64862),$36945,$36945,294,('88%' '86%' '90%'),1845,('52%' '48%'),18%,Co-ed,('44%' '56%'),52%,4%,1%,45%,4%,1%,7%,43%
lincoln christian university,100 Campus View Drive Lincoln IL 62656,(40.14976 -89.34885),$22310,$22310,58,n/a,n/a,n/a,n/a,Co-ed,('n/a' 'n/a'),85%,4%,2%,8%,3%,1%,3%,83%
lincoln land community college,5250 Shepherd Rd Springfield IL 62794-9256,(39.7205 -89.61221),$6840,$10068,656,n/a,n/a,n/a,n/a,Co-ed,('n/a' 'n/a'),68%,0%,1%,10%,4%,1%,12%,71%
lincoln memorial university,6965 Cumberland Gap Pkwy Harrogate TN 37752,(36.58061 -83.65654),$34884,$34884,302,('70%' '69%' '71%'),2013,('69%' '31%'),21%,Co-ed,('64%' '36%'),75%,0%,1%,6%,&lt; 1%,1%,8%,83%
lincoln trail college,11220 State Hwy 1 Robinson IL 62454,(39.01853 -87.68469),$10056,$12082,196,n/a,n/a,n/a,n/a,Co-ed,('n/a' 'n/a'),55%,0%,1%,6%,3%,&lt; 1%,2%,88%
lincoln university california,401 15th Street Oakland CA 94612,(37.80488 -122.26955),$11420,$11420,,n/a,n/a,n/a,n/a,,('n/a' 'n/a'),100%,51%,30%,16%,8%,&lt; 1%,7%,38%
lincoln university missouri,820 Chestnut Street Jefferson City MO 65101,(38.56409 -92.16856),$17630,$24620,351,n/a,n/a,n/a,n/a,Co-ed,('n/a' 'n/a'),50%,2%,1%,46%,2%,&lt; 1%,8%,42%
lincoln university pennsylvania,1570 Baltimore Pike Lincoln University PA 19352,(39.80982 -75.93023),$21632,$27988,477,('80%' '85%' '71%'),3536,('59%' '41%'),17%,Co-ed,('68%' '32%'),78%,3%,&lt; 1%,85%,3%,&lt; 1%,9%,2%
lindenwood university,209 S Kingshighway Saint Charles MO 63301,(38.78525 -90.49711),$28840,$28840,729,('75%' '78%' '70%'),3355,('55%' '45%'),29%,Co-ed,('56%' '44%'),70%,11%,1%,16%,5%,&lt; 1%,18%,60%
lindsey wilson college,210 Lindsey Wilson St Columbia KY 42728,(37.10346 -85.30236),$35213,$35213,,n/a,n/a,n/a,n/a,,('n/a' 'n/a'),61%,0%,1%,8%,1%,&lt; 1%,30%,61%
linfield college,900 SE Baker McMinnville OR 97128,(45.2023 -123.20201),$59232,$59232,315,('85%' '88%' '78%'),2187,('60%' '40%'),17%,Co-ed,('62%' '38%'),79%,5%,6%,2%,17%,1%,14%,60%
linn benton community college,6500 Pacific Blvd SW Albany OR 97321,(44.58631 -123.11397),$5675,$12730,458,n/a,n/a,n/a,n/a,Co-ed,('n/a' 'n/a'),49%,1%,3%,1%,14%,2%,17%,64%
lipscomb university,One University Park Drive Nashville TN 37204,(36.10538 -86.80049),$49728,$49728,663,('74%' '74%' '73%'),3422,('66%' '34%'),26%,Co-ed,('61%' '39%'),81%,3%,3%,7%,7%,&lt; 1%,4%,79%
little big horn college,8645 South Weaver Drive Crow Agency MT 59022,(45.60456 -107.45711),$3200,$3200,51,n/a,n/a,n/a,n/a,Co-ed,('n/a' 'n/a'),50%,0%,&lt; 1%,&lt; 1%,&lt; 1%,96%,1%,3%
little priest tribal college,601 E. College Drive Winnebago NE 68071-0270,(42.23529 -96.46773),$12130,$12130,11,n/a,n/a,n/a,n/a,Co-ed,('n/a' 'n/a'),45%,0%,1%,2%,&lt; 1%,71%,5%,21%
living arts college,3000 Wakefield Crossing Drive Raleigh NC 27614-7076,(35.9428 -78.55519),$26692,$26692,26,('47%' '44%' '50%'),58,('58%' '42%'),100%,Co-ed,('55%' '45%'),57%,0%,1%,61%,9%,2%,1%,26%
livingstone college,701 W Monroe St Salisbury NC 28144,(35.66922 -80.48059),$25090,$25090,204,('51%' '48%' '54%'),3811,('54%' '46%'),10%,Co-ed,('37%' '63%'),50%,1%,&lt; 1%,81%,1%,&lt; 1%,16%,1%
lock haven university,401 North Fairview Street Lock Haven PA 17745,(41.14073 -77.46086),$21228,$31052,524,('95%' '96%' '92%'),2096,('59%' '41%'),26%,Co-ed,('57%' '43%'),65%,1%,1%,11%,2%,1%,4%,82%
logan university,1851 Schoettler Rd Chesterfield MO 63017,(38.63339 -90.53532),$6600,$6600,12,('66%' '66%' '62%'),29,('72%' '28%'),100%,Co-ed,('73%' '27%'),50%,1%,4%,9%,2%,1%,10%,73%
lone star college system,5000 Research Forest Drive The Woodlands TX 77381-4399,(30.187545 -95.489252),$4800,$6120,6630,n/a,n/a,n/a,n/a,Co-ed,('n/a' 'n/a'),n/a,n/a
long beach city college,4901 E. Carson St. Long Beach CA 90808-1706,(33.83434 -118.13432),$1472,$11360,2457,n/a,n/a,n/a,n/a,Co-ed,('n/a' 'n/a'),68%,0%,9%,11%,59%,1%,5%,15%
long island business institute,136-18 39th Avenue Fifth Floor Flushing NY 11354-5577,(40.76041 -73.82953),$11066,$11066,287,('69%' '69%' '66%'),561,('79%' '21%'),74%,Co-ed,('84%' '16%'),37%,2%,54%,10%,30%,&lt; 1%,1%,5%
long island university,720 Northern Blvd Brookville NY 11548,(40.82047 -73.59376),$54548,$54548,1198,('93%' '94%' '91%'),17423,('72%' '28%'),7%,Co-ed,('62%' '38%'),74%,3%,10%,13%,14%,&lt; 1%,21%,42%
longwood university,201 High St Farmville VA 23909,(37.30162 -78.39422),$28078,$39474,718,('90%' '91%' '86%'),5977,('67%' '33%'),13%,Co-ed,('69%' '31%'),75%,2%,4%,10%,6%,&lt; 1%,8%,73%
lorain county community college,1005 North Abbe Rd Elyria OH 44035-1691,(41.41349 -82.07712),$4465,$8405,643,n/a,n/a,n/a,n/a,Co-ed,('n/a' 'n/a'),n/a,n/a
loras college,1450 Alta Vista Dubuque IA 52004,(42.50315 -90.68174),$44028,$44028,296,('72%' '74%' '70%'),2086,('38%' '62%'),20%,Co-ed,('36%' '64%'),81%,2%,1%,2%,8%,&lt; 1%,8%,81%
los angeles city college,855 N Vermont Ave Los Angeles CA 90029,(34.08773 -118.29323),$1196,$8970,614,n/a,n/a,n/a,n/a,Co-ed,('n/a' 'n/a'),56%,2%,11%,8%,53%,&lt; 1%,6%,21%
los angeles harbor college,1111 Figueroa Place Wilmington CA 90744-2397,(33.78381 -118.28133),$1238,$9012,465,n/a,n/a,n/a,n/a,Co-ed,('n/a' 'n/a'),72%,1%,11%,10%,60%,1%,7%,11%
los angeles mission college,13356 Eldridge Avenue Sylmar CA 91342-3200,(34.31441 -118.42019),$1238,$9012,473,n/a,n/a,n/a,n/a,Co-ed,('n/a' 'n/a'),69%,0%,5%,3%,76%,&lt; 1%,4%,12%
los angeles pacific college,3325 Wilshire Boulevard Suite 550 Los Angeles CA 90010-1758,(34.06176 -118.2949),$7130,$7130,,n/a,n/a,n/a,n/a,Very diverse,('n/a' 'n/a'),n/a,n/a
los angeles pierce college,6201 Winnetka Ave Woodland Hills CA 91371-0002,(34.18269 -118.57096),$1196,$8970,1180,n/a,n/a,n/a,n/a,Co-ed,('n/a' 'n/a'),74%,1%,9%,5%,49%,&lt; 1%,8%,29%
los angeles southwest college,1600 W. Imperial Hwy. Los Angeles CA 90047-4899,(33.93075 -118.30473),$1238,$9012,137,n/a,n/a,n/a,n/a,Co-ed,('n/a' 'n/a'),65%,0%,3%,36%,49%,&lt; 1%,6%,6%
los angeles trade technical college,400 W Washington Blvd Los Angeles CA 90015-4181,(34.03317 -118.26959),$1238,$9012,465,n/a,n/a,n/a,n/a,Co-ed,('n/a' 'n/a'),61%,1%,4%,13%,70%,&lt; 1%,5%,7%
los angeles valley college,5800 Fulton Avenue Valley Glen CA 91401-4096,(34.17577 -118.42232),$1196,$8970,682,n/a,n/a,n/a,n/a,Co-ed,('n/a' 'n/a'),73%,0%,7%,5%,52%,&lt; 1%,7%,29%
los medanos college,2700 East Leland Road Pittsburg CA 94565,(38.00784 -121.86198),$1312,$9012,790,n/a,n/a,n/a,n/a,Co-ed,('n/a' 'n/a'),72%,0%,12%,12%,43%,1%,11%,21%
louisburg college,501 N. Main St. Louisburg NC 27549-2399,(36.10478 -78.29691),$32428,$32428,384,('82%' '75%' '84%'),570,('34%' '66%'),86%,Co-ed,('33%' '67%'),47%,1%,1%,55%,2%,1%,20%,20%
louisiana christian university,1140 College Dr Pineville LA 71359,(31.32678 -92.42705),$24250,$24250,260,('76%' '84%' '70%'),941,('41%' '59%'),36%,Co-ed,('36%' '64%'),63%,3%,1%,28%,3%,1%,3%,64%
louisiana state university alexandria,8100 Hwy 71 South Alexandria LA 71302,(31.17864 -92.41806),$16385,$23524,410,('58%' '52%' '88%'),3174,('83%' '17%'),22%,Co-ed,('61%' '39%'),56%,2%,1%,18%,2%,9%,5%,65%
louisiana state university eunice,2048 Johnson Hwy Eunice LA 70535,(30.475933 -92.431668),$14662,$20026,663,n/a,n/a,n/a,n/a,Co-ed,('n/a' 'n/a'),48%,0%,1%,23%,2%,1%,5%,68%
louisiana state university lsu,156 Thomas Boyd Hall Baton Rouge LA 70803,(30.5523 -91.19618),$25112,$41789,7045,('71%' '72%' '68%'),36561,('60%' '40%'),27%,Co-ed,('57%' '43%'),84%,2%,5%,13%,6%,&lt; 1%,3%,72%
louisiana state university shreveport,One University Place Shreveport LA 71115-2399,(32.43236 -93.70192),$16110,$29264,298,('91%' '91%' '89%'),885,('64%' '36%'),38%,Co-ed,('56%' '44%'),62%,4%,3%,23%,3%,1%,13%,56%
louisiana tech university la tech,1310 West Railroad Avenue Ruston LA 71272,(32.52905 -92.65399),$19275,$26016,1871,('66%' '62%' '69%'),7724,('52%' '48%'),37%,Co-ed,('41%' '59%'),79%,2%,1%,13%,4%,&lt; 1%,10%,71%
lourdes university,6832 Convent Blvd Sylvania OH 43560,(41.70959 -83.7078),$39272,$39272,177,('75%' '75%' '74%'),1147,('57%' '43%'),21%,Co-ed,('49%' '51%'),69%,1%,1%,12%,9%,&lt; 1%,7%,71%
lower columbia college,1600 Maple Street Longview WA 98632,(46.14126 -122.93817),$4182,$5403,275,n/a,n/a,n/a,n/a,Co-ed,('n/a' 'n/a'),n/a,n/a
loyola marymount university lmu,One Lmu Drive Los Angeles CA 90045,(33.96822 -118.42185),$68832,$68832,1610,('46%' '45%' '46%'),19045,('59%' '41%'),18%,Co-ed,('52%' '48%'),90%,10%,11%,7%,24%,&lt; 1%,8%,49%
loyola university chicago,1032 W. Sheridan Rd Chicago IL 60660,(41.99824 -87.65715),$62988,$62988,2867,('77%' '78%' '73%'),37824,('68%' '32%'),10%,Co-ed,('70%' '30%'),85%,5%,12%,6%,16%,&lt; 1%,9%,56%
loyola university maryland,4501 N Charles St Baltimore MD 21210,(39.34633 -76.62226),$69630,$69630,954,('84%' '85%' '82%'),9286,('59%' '41%'),12%,Co-ed,('54%' '46%'),88%,1%,4%,5%,10%,&lt; 1%,3%,78%
loyola university new orleans,6363 Saint Charles Ave New Orleans LA 70118,(29.93403 -90.12156),$57490,$57490,928,('78%' '79%' '76%'),7455,('69%' '31%'),16%,Co-ed,('67%' '33%'),85%,4%,3%,15%,16%,&lt; 1%,14%,51%
lubbock christian university,5601 19th Street Lubbock TX 79407,(33.57782 -101.93475),$33130,$33130,310,('95%' '95%' '94%'),893,('67%' '33%'),36%,Co-ed,('67%' '33%'),69%,2%,1%,5%,25%,1%,1%,68%
luna community college,336 Luna Drive Las Vegas NM 87701,(35.61738 -105.25363),$1442,$2714,120,n/a,n/a,n/a,n/a,Co-ed,('n/a' 'n/a'),62%,0%,&lt; 1%,2%,81%,2%,2%,12%
luther college,700 College Drive Decorah IA 52101,(43.31321 -91.79969),$57120,$57120,444,('76%' '79%' '73%'),2495,('43%' '57%'),23%,Co-ed,('51%' '49%'),84%,8%,2%,2%,5%,&lt; 1%,3%,88%
luther rice college and seminary,3038 Evans Mill Road Lithonia GA 30038-9869,(33.69752 -84.12337),$9088,$9088,n/a,('47%' '42%' '50%'),19,('36%' '64%'),67%,Enrolled women:,('67%' ''),n/a,n/a
luzerne county community college,521 Trailblazer Drive Nanticoke PA 18634,(41.19429 -75.99108),$10020,$14370,507,n/a,n/a,n/a,n/a,Co-ed,('n/a' 'n/a'),60%,0%,2%,6%,15%,1%,15%,61%
lycoming college,700 College Place Williamsport PA 17701,(41.24505 -77.00013),$57959,$57959,318,('75%' '76%' '72%'),2790,('59%' '41%'),15%,Co-ed,('52%' '48%'),75%,6%,1%,12%,11%,&lt; 1%,10%,66%
lynn university,3601 N. Military Trail Boca Raton FL 33431,(26.38467 -80.12129),$53620,$53620,797,('83%' '84%' '80%'),7194,('58%' '42%'),13%,Co-ed,('49%' '51%'),72%,16%,1%,13%,20%,&lt; 1%,13%,52%
lyon college,2300 Highland Road Batesville AR 72501,(35.77887 -91.62821),$41144,$41144,138,('27%' '29%' '26%'),2417,('31%' '69%'),21%,Co-ed,('34%' '66%'),71%,4%,2%,7%,8%,2%,7%,73%
macalester college,1600 Grand Ave Saint Paul MN 55105,(44.93994 -93.16789),$79890,$79890,552,('34%' '33%' '33%'),8434,('58%' '42%'),20%,Co-ed,('55%' '45%'),96%,16%,9%,7%,12%,&lt; 1%,10%,62%
machzikei hadath rabbinical college,5407 16th Ave Brooklyn NY 11204-1805,(40.62806 -73.98859),$12300,$12300,30,n/a,n/a,n/a,n/a,Co-ed,('n/a' 'n/a'),86%,1%,&lt; 1%,&lt; 1%,&lt; 1%,&lt; 1%,&lt; 1%,100%
macomb community college,14500 E Twelve Mile Rd Warren MI 48088-3896,(42.50844 -82.9754),$5820,$7410,1308,n/a,n/a,n/a,n/a,Co-ed,('n/a' 'n/a'),68%,0%,6%,13%,4%,&lt; 1%,8%,69%
madison area technical college,1701 Wright Street Madison WI 53704-2599,(43.12242 -89.32785),$4600,$6769,654,n/a,n/a,n/a,n/a,Co-ed,('n/a' 'n/a'),n/a,n/a
madisonville community college,2000 College Drive Madisonville KY 42431,(37.36282 -87.51183),$4488,$15240,296,n/a,n/a,n/a,n/a,Co-ed,('n/a' 'n/a'),67%,0%,1%,5%,3%,&lt; 1%,7%,84%
madonna university,36600 Schoolcraft Rd Livonia MI 48150,(42.38244 -83.40391),$36790,$36790,253,('52%' '58%' '44%'),1219,('56%' '44%'),40%,Co-ed,('52%' '48%'),76%,16%,2%,14%,5%,&lt; 1%,10%,69%
magdalen college of the liberal arts,511 Kearsarge Mountain Road Warner NH 03278,(43.31387 -71.83191),$33000,$33000,15,('95%' '95%' '95%'),43,('51%' '49%'),37%,Co-ed,('46%' '54%'),73%,0%,3%,&lt; 1%,10%,&lt; 1%,&lt; 1%,87%
maharishi international university,1000 N 4th St Fairfield IA 52557,(41.01572 -91.96803),$23930,$23930,38,('95%' '92%' '100%'),58,('65%' '35%'),69%,Co-ed,('57%' '43%'),53%,5%,3%,9%,8%,1%,49%,31%
maine college of art,522 Congress St. Portland ME 04101,(43.65587 -70.26116),$52330,$52330,104,('72%' '72%' '71%'),666,('69%' '31%'),22%,Co-ed,('71%' '29%'),71%,1%,4%,3%,5%,&lt; 1%,8%,81%
maine college of health professions,70 Middle Street Lewiston ME 04240,(44.10076 -70.21786),$14911,$14911,6,('85%' '81%' '100%'),13,('84%' '16%'),100%,Co-ed,('81%' '19%'),n/a,n/a
maine maritime academy mma,1 Pleasant Street Castine ME 04420,(44.38691 -68.79768),$25248,$40168,207,('58%' '53%' '58%'),1109,('23%' '77%'),32%,Co-ed,('22%' '78%'),84%,0%,1%,1%,2%,1%,7%,88%
malone university,2600 Cleveland Avenue NW Canton OH 44709,(40.82639 -81.38496),$43800,$43800,222,('78%' '79%' '75%'),1593,('62%' '38%'),18%,Co-ed,('60%' '40%'),73%,1%,1%,10%,3%,&lt; 1%,7%,79%
manchester community college connecticut,Great Path Manchester CT 06040,(41.76233 -72.56694),$4516,$13468,568,n/a,n/a,n/a,n/a,Co-ed,('n/a' 'n/a'),58%,0%,6%,17%,24%,&lt; 1%,6%,46%
manchester community college new hampshire,1066 Front St Manchester NH 03102-8518,(43.01932 -71.48091),$7090,$15340,238,n/a,n/a,n/a,n/a,Co-ed,('n/a' 'n/a'),61%,0%,3%,6%,10%,&lt; 1%,11%,70%
manchester university,604 E. College Ave North Manchester IN 46962,(41.01021 -85.76159),$44874,$44874,307,('76%' '79%' '73%'),3035,('40%' '60%'),13%,Co-ed,('45%' '55%'),60%,4%,1%,8%,7%,&lt; 1%,7%,77%
mandl school the college of allied health,254 W 54th St New York NY 10019-5516,(40.76453 -73.98365),$15100,$15100,44,n/a,n/a,n/a,n/a,Co-ed,('n/a' 'n/a'),48%,0%,7%,43%,40%,&lt; 1%,2%,7%
manhattan area technical college,3136 Dickens Ave Manhattan KS 66503-2499,(39.19632 -96.61545),$7650,$7650,70,n/a,n/a,n/a,n/a,Co-ed,('n/a' 'n/a'),76%,0%,2%,5%,9%,1%,6%,77%
manhattan christian college,1415 Anderson Ave Manhattan KS 66502,(39.18611 -96.57917),$27155,$27155,42,('48%' '50%' '46%'),117,('44%' '56%'),75%,Co-ed,('47%' '53%'),51%,0%,1%,7%,9%,&lt; 1%,32%,52%
manhattan college,4513 Manhattan College Parkway Riverdale NY 10471,(40.88928 -73.90033),$65120,$65120,743,('75%' '78%' '70%'),10988,('57%' '43%'),9%,Co-ed,('49%' '51%'),82%,3%,6%,5%,22%,&lt; 1%,11%,56%
manhattan school of music,130 Claremont Avenue New York NY 10027,(40.81268 -73.96179),$67180,$67180,121,('49%' '48%' '49%'),1035,('51%' '49%'),24%,Co-ed,('47%' '53%'),89%,39%,9%,5%,4%,&lt; 1%,39%,44%
manhattanville college,2900 Purchase St Purchase NY 10577,(41.03045 -73.71282),$55190,$55190,228,('83%' '84%' '80%'),2971,('61%' '39%'),9%,Co-ed,('55%' '45%'),70%,7%,2%,10%,26%,&lt; 1%,15%,47%
manor college,700 Fox Chase Rd Jenkintown PA 19046-3399,(40.08918 -75.10482),$27246,$27246,105,('95%' '96%' '92%'),485,('71%' '29%'),26%,Co-ed,('71%' '29%'),64%,0%,4%,30%,12%,1%,10%,43%
mansfield university of pennsylvania,5 Swan Street Mansfield PA 16933,(41.80747 -77.07347),$20850,$23416,380,('94%' '96%' '91%'),2036,('64%' '36%'),20%,Co-ed,('57%' '43%'),71%,1%,1%,10%,4%,&lt; 1%,4%,81%
maranatha baptist university,745 West Main Street Watertown WI 53094,(43.19483 -88.73808),$26030,$26030,139,('80%' '82%' '76%'),264,('59%' '41%'),66%,Co-ed,('60%' '40%'),72%,1%,2%,2%,4%,&lt; 1%,5%,86%
maria college of albany,700 New Scotland Ave Albany NY 12208,(42.6579 -73.80552),$16035,$16035,14,('37%' '38%' '20%'),231,('91%' '9%'),27%,Co-ed,('95%' '5%'),100%,4%,4%,10%,5%,&lt; 1%,39%,42%
marian university indiana,3200 Cold Spring Rd Indianapolis IN 46222,(39.81358 -86.20226),$48260,$48260,574,('73%' '73%' '71%'),3151,('58%' '42%'),25%,Co-ed,('53%' '47%'),77%,1%,3%,13%,5%,&lt; 1%,7%,71%
marian university wisconsin,45 S National Ave Fond Du Lac WI 54935,(43.77741 -88.42197),$37050,$37050,220,('76%' '76%' '76%'),1062,('64%' '36%'),27%,Co-ed,('62%' '38%'),65%,1%,3%,6%,5%,1%,4%,82%
marietta college,Irvine Bldg Marietta OH 45750,(39.42393 -81.46119),$49228,$49228,328,('83%' '85%' '81%'),2200,('49%' '51%'),18%,Co-ed,('47%' '53%'),73%,16%,1%,5%,3%,&lt; 1%,14%,77%
marion military institute,1101 Washington St Marion AL 36756-3207,(32.62318 -87.31818),$14168,$20168,179,('45%' '27%' '61%'),904,('46%' '54%'),44%,Co-ed,('25%' '75%'),38%,0%,3%,21%,7%,2%,7%,60%
marion technical college,1467 Mount Vernon Ave Marion OH 43302-5694,(40.58106 -83.08954),$5625,$9505,96,n/a,n/a,n/a,n/a,Co-ed,('n/a' 'n/a'),62%,0%,1%,10%,1%,&lt; 1%,10%,78%
marist college,3399 North Rd Poughkeepsie NY 12601,(41.722523 -73.934048),$60060,$60060,1272,('60%' '59%' '60%'),11583,('61%' '39%'),18%,Co-ed,('58%' '42%'),87%,2%,3%,4%,10%,&lt; 1%,9%,74%
marquette university,1250 W Wisconsin Avenue Milwaukee WI 53233,(43.03871 -87.92796),$59906,$59906,1657,('86%' '87%' '84%'),16270,('56%' '44%'),12%,Co-ed,('57%' '43%'),87%,4%,7%,4%,12%,&lt; 1%,5%,71%
mars hill university,100 Athletic St Mars Hill NC 28754,(35.82741 -82.55284),$49869,$49869,302,('80%' '81%' '77%'),1713,('48%' '52%'),22%,Co-ed,('46%' '54%'),63%,5%,2%,19%,4%,2%,8%,66%
marshall university,1 John Marshall Dr Huntington WV 25755,(38.42264 -82.42901),$19936,$30990,1596,('98%' '98%' '97%'),5602,('59%' '41%'),29%,Co-ed,('58%' '42%'),72%,2%,1%,6%,2%,&lt; 1%,8%,82%
marshalltown community college,3700 S Center St Marshalltown IA 50158,(42.03981 -92.9128),$12820,$13228,254,n/a,n/a,n/a,n/a,Co-ed,('n/a' 'n/a'),57%,4%,4%,2%,22%,2%,11%,59%
martin community college,1161 Kehukee Pk Rd Williamston NC 27892-9988,(35.83683 -77.09691),$1915,$6523,37,n/a,n/a,n/a,n/a,Co-ed,('n/a' 'n/a'),53%,0%,1%,40%,1%,&lt; 1%,8%,49%
martin luther college,1995 Luther Ct New Ulm MN 56073,(44.30509 -94.47346),$23590,$23590,151,('91%' '90%' '92%'),197,('50%' '50%'),84%,Co-ed,('50%' '50%'),85%,2%,1%,1%,1%,&lt; 1%,1%,96%
martin university,2186 North Sherman Drive Indianapolis IN 46218-0567,(39.79832 -86.1024),$13200,$13200,6,n/a,n/a,n/a,n/a,Co-ed,('n/a' 'n/a'),83%,0%,&lt; 1%,87%,&lt; 1%,&lt; 1%,9%,3%
mary baldwin university,318 Prospect Street Staunton VA 24401,(38.15483 -79.06928),$40870,$40870,358,('87%' '88%' '80%'),7188,('79%' '21%'),6%,Co-ed,('74%' '26%'),75%,2%,2%,20%,6%,1%,10%,60%
maryland institute college of art mica,1300 Mount Royal Avenue Baltimore MD 21217,(39.30753 -76.62109),$66810,$66810,311,('86%' '88%' '76%'),3066,('76%' '24%'),12%,Co-ed,('77%' '23%'),89%,21%,14%,9%,11%,&lt; 1%,14%,52%
marymount manhattan college,221 E 71st St New York NY 10021,(40.76855 -73.95987),$56790,$56790,454,('77%' '79%' '68%'),6799,('78%' '22%'),9%,Co-ed,('81%' '19%'),68%,4%,3%,9%,17%,&lt; 1%,11%,60%
marymount university,2807 N Glebe Rd Arlington VA 22207,(38.90571 -77.12894),$50736,$50736,331,('84%' '84%' '82%'),2375,('65%' '35%'),17%,Co-ed,('60%' '40%'),72%,16%,9%,17%,20%,&lt; 1%,11%,42%
maryville college,502 E Lamar Alexander Pky Maryville TN 37804,(35.75487 -83.96475),$49322,$49322,274,('68%' '69%' '67%'),2031,('54%' '46%'),20%,Co-ed,('49%' '51%'),68%,4%,2%,13%,4%,1%,6%,75%
maryville university,650 Maryville University Drive Saint Louis MO 63141,(38.64172 -90.50555),$39166,$39166,834,('92%' '91%' '90%'),3557,('63%' '37%'),26%,Co-ed,('65%' '35%'),86%,4%,3%,10%,4%,&lt; 1%,9%,73%
marywood university,2300 Adams Ave Scranton PA 18509,(41.43325 -75.63738),$51622,$51622,456,('82%' '85%' '74%'),2541,('69%' '31%'),22%,Co-ed,('69%' '31%'),86%,1%,2%,3%,7%,&lt; 1%,14%,74%
massachusetts bay community college,50 Oakland St Wellesley Hills MA 02481-5399,(42.31235 -71.26402),$5376,$10320,407,n/a,n/a,n/a,n/a,Co-ed,('n/a' 'n/a'),53%,2%,6%,15%,23%,&lt; 1%,8%,47%
massachusetts college of art and design,621 Huntington Ave Boston MA 02115,(42.33623 -71.09969),$29000,$54600,387,('79%' '81%' '69%'),2433,('74%' '26%'),20%,Co-ed,('74%' '26%'),86%,4%,8%,4%,10%,&lt; 1%,20%,57%
massachusetts college of liberal arts,375 Church Street North Adams MA 01247,(42.69141 -73.10305),$23590,$32535,167,('91%' '93%' '87%'),1371,('61%' '39%'),13%,Co-ed,('53%' '47%'),70%,1%,2%,7%,8%,&lt; 1%,12%,70%
massachusetts college of pharmacy and health sciences mcphs,179 Longwood Ave Boston MA 02115,(42.3364 -71.10151),$54750,$54750,737,('98%' '97%' '96%'),4846,('80%' '20%'),16%,Co-ed,('75%' '25%'),80%,15%,25%,9%,8%,&lt; 1%,12%,46%
massachusetts institute of technology mit,77 Massachusetts Avenue Cambridge MA 02139,(42.35896 -71.09352),$73978,$73978,1177,('4%' '6%' '3%'),33240,('34%' '66%'),86%,Co-ed,('48%' '52%'),99%,12%,30%,7%,16%,&lt; 1%,10%,38%
massachusetts maritime academy mma,101 Academy Dr Buzzards Bay MA 02532,(41.739 -70.62327),$24094,$38682,321,('90%' '95%' '89%'),1079,('12%' '88%'),33%,Co-ed,('12%' '88%'),86%,2%,1%,1%,4%,&lt; 1%,8%,85%
massasoit community college,One Massasoit Boulevard Brockton MA 02302-3996,(42.07346 -70.99268),$5160,$10104,583,n/a,n/a,n/a,n/a,Co-ed,('n/a' 'n/a'),65%,1%,2%,34%,10%,&lt; 1%,9%,45%
mayland community college,200 Mayland Drive Spruce Pine NC 28777,(35.93415 -82.01745),$2561,$8705,61,n/a,n/a,n/a,n/a,Co-ed,('n/a' 'n/a'),60%,0%,1%,1%,5%,1%,4%,89%
maysville community and technical college,1755 U.S. Hwy 68 Maysville KY 41056,(38.62429 -83.80323),$4488,$15240,294,n/a,n/a,n/a,n/a,Co-ed,('n/a' 'n/a'),60%,0%,&lt; 1%,2%,3%,&lt; 1%,5%,89%
mayville state university,330 Third Street NE Mayville ND 58257,(47.50437 -97.32197),$16577,$19711,181,('61%' '69%' '57%'),546,('28%' '72%'),54%,Co-ed,('35%' '65%'),66%,3%,2%,5%,6%,1%,5%,81%
mcdaniel college,2 College Hill Westminster MD 21157,(39.58074 -77.00159),$58638,$58638,501,('87%' '89%' '82%'),4391,('57%' '43%'),13%,Co-ed,('56%' '44%'),80%,3%,4%,15%,7%,&lt; 1%,9%,65%
mcdowell technical community college,54 College Drive Marion NC 28752-8728,(35.65637 -81.96103),$1926,$6534,29,n/a,n/a,n/a,n/a,Co-ed,('n/a' 'n/a'),66%,1%,1%,3%,11%,1%,4%,81%
mchenry county college,8900 US Hwy 14 Crystal Lake IL 60012-2761,(42.25714 -88.36952),$11609,$14449,380,n/a,n/a,n/a,n/a,Co-ed,('n/a' 'n/a'),70%,0%,3%,2%,24%,&lt; 1%,9%,63%
mckendree university,701 College Rd Lebanon IL 62254,(38.60971 -89.81623),$44020,$44020,268,('78%' '78%' '77%'),1765,('48%' '52%'),20%,Co-ed,('45%' '55%'),79%,3%,1%,14%,5%,&lt; 1%,14%,65%
mclennan community college,1400 College Dr Waco TX 76708,(31.59099 -97.17447),$4200,$5910,532,n/a,n/a,n/a,n/a,Co-ed,('n/a' 'n/a'),61%,0%,1%,13%,34%,&lt; 1%,5%,46%
mcmurry university,S 14th and Sayles Blvd Abilene TX 79697,(32.45005 -99.74809),$38450,$38450,302,('78%' '77%' '78%'),1372,('45%' '55%'),28%,Co-ed,('40%' '60%'),62%,6%,2%,15%,25%,1%,6%,51%
mcneese state university,4205 Ryan St Lake Charles LA 70605,(30.18095 -93.21857),$17724,$25762,1020,('69%' '67%' '70%'),2599,('59%' '41%'),57%,Co-ed,('55%' '45%'),70%,6%,2%,18%,3%,1%,4%,72%
mcpherson college,1600 E. Euclid McPherson KS 67460,(38.37158 -97.64346),$42126,$42126,271,('85%' '88%' '82%'),884,('28%' '72%'),36%,Co-ed,('32%' '68%'),70%,2%,1%,13%,14%,2%,7%,64%
mech tech college,Num 39-40 B St W Industrial Pk Caguas PR 00725-0000,(18.24966 -66.03717),$10098,$10098,822,n/a,n/a,n/a,n/a,Co-ed,('n/a' 'n/a'),71%,0%,&lt; 1%,&lt; 1%,99%,&lt; 1%,&lt; 1%,&lt; 1%
medaille university,18 Agassiz Circle Buffalo NY 14214,(42.92943 -78.85535),$47250,$47250,352,('70%' '69%' '69%'),1656,('66%' '34%'),30%,Co-ed,('69%' '31%'),65%,0%,3%,18%,2%,1%,12%,64%
mendocino college,1000 Hensley Creek Road Ukiah CA 95482,(39.18962 -123.22617),$1423,$8443,70,n/a,n/a,n/a,n/a,Co-ed,('n/a' 'n/a'),71%,0%,4%,1%,38%,6%,5%,46%
menlo college,1000 El Camino Real Atherton CA 94027,(37.45901 -122.19407),$63415,$63415,148,('70%' '70%' '68%'),2134,('51%' '49%'),10%,Co-ed,('38%' '62%'),66%,18%,14%,10%,30%,&lt; 1%,17%,29%
merced college,3600 M St Merced CA 95348-2806,(37.33368 -120.4781),$1180,$7444,1015,n/a,n/a,n/a,n/a,Co-ed,('n/a' 'n/a'),59%,0%,8%,3%,62%,1%,7%,18%
mercer county community college,1200 Old Trenton Rd West Windsor NJ 08550-3407,(40.25387 -74.6526),$6000,$8328,735,n/a,n/a,n/a,n/a,Co-ed,('n/a' 'n/a'),63%,5%,8%,21%,24%,&lt; 1%,10%,36%
mercer university,1501 Mercer University Drive Macon GA 31207,(32.82581 -83.65375),$52184,$52184,950,('75%' '77%' '71%'),7201,('63%' '37%'),17%,Co-ed,('63%' '37%'),89%,3%,7%,32%,5%,&lt; 1%,8%,48%
mercy college,555 Broadway Dobbs Ferry NY 10522,(41.02004 -73.87017),$35384,$35384,851,('86%' '88%' '80%'),6471,('67%' '33%'),15%,Co-ed,('68%' '32%'),75%,2%,4%,22%,39%,&lt; 1%,9%,26%
mercy college of health sciences,928 6th Ave Des Moines IA 50309-1239,(41.59501 -93.62565),$19754,$19754,43,('97%' '96%' '100%'),132,('87%' '13%'),40%,Co-ed,('80%' '20%'),44%,0%,6%,11%,8%,1%,5%,70%
mercy college of ohio,2221 Madison Avenue Toledo OH 43604-1132,(41.6589 -83.55176),$18950,$18950,23,('41%' '40%' '48%'),288,('89%' '11%'),40%,Co-ed,('87%' '13%'),76%,0%,2%,13%,7%,&lt; 1%,4%,73%
mercyhurst university,501 E 38th St Erie PA 16546,(42.10637 -80.05562),$56430,$56430,625,('82%' '82%' '81%'),3893,('59%' '41%'),19%,Co-ed,('56%' '44%'),78%,8%,2%,7%,4%,1%,4%,82%
meredith college,3800 Hillsborough St Raleigh NC 27607,(35.79418 -78.68775),$53344,$53344,344,('70%' '69%' '0%'),1706,('100%' '0%'),29%,All-female,('100%' '0%'),80%,2%,3%,9%,8%,1%,9%,71%
meridian community college,910 Hwy 19 N Meridian MS 39307-5801,(32.36614 -88.73381),$9054,$10908,441,n/a,n/a,n/a,n/a,Co-ed,('n/a' 'n/a'),65%,0%,1%,42%,2%,2%,11%,43%
merrimack college,315 Turnpike St North Andover MA 01845,(42.67155 -71.12355),$62324,$62324,967,('80%' '80%' '79%'),10429,('54%' '46%'),12%,Co-ed,('53%' '47%'),85%,2%,1%,3%,7%,&lt; 1%,16%,72%
merritt college,12500 Campus Dr Oakland CA 94619-3196,(37.7893 -122.16751),$1167,$8703,120,n/a,n/a,n/a,n/a,Co-ed,('n/a' 'n/a'),51%,2%,18%,21%,33%,1%,8%,18%
mesa community college,1833 W Southern Ave Mesa AZ 85202,(33.393 -111.87161),$2070,$7854,1010,n/a,n/a,n/a,n/a,Co-ed,('n/a' 'n/a'),64%,1%,4%,5%,33%,3%,7%,48%
mesalands community college,911 S Tenth Street Tucumcari NM 88401-3352,(35.17118 -103.73624),$8360,$9632,38,n/a,n/a,n/a,n/a,Co-ed,('n/a' 'n/a'),56%,0%,2%,3%,35%,2%,16%,41%
mesivta of eastern parkway yeshiva zichron meilech,510 Dahill Rd Brooklyn NY 11218-5559,(40.63517 -73.97905),$13850,$13850,11,n/a,n/a,n/a,n/a,Co-ed,('n/a' 'n/a'),86%,2%,&lt; 1%,&lt; 1%,&lt; 1%,&lt; 1%,&lt; 1%,100%
mesivta torah vodaath rabbinical seminary,425 E 9th St Brooklyn NY 11218,(40.6382 -73.96969),$17660,$17660,16,n/a,n/a,n/a,n/a,Co-ed,('n/a' 'n/a'),68%,0%,&lt; 1%,&lt; 1%,&lt; 1%,&lt; 1%,&lt; 1%,100%
mesivtha tifereth jerusalem of america,145 E Broadway New York NY 10002-6301,(40.71397 -73.99114),$16250,$16250,16,n/a,n/a,n/a,n/a,Co-ed,('n/a' 'n/a'),85%,0%,&lt; 1%,&lt; 1%,&lt; 1%,&lt; 1%,&lt; 1%,100%
messiah university,One University Ave Mechanicsburg PA 17055,(40.1595 -76.98623),$49590,$49590,551,('77%' '78%' '75%'),2458,('62%' '38%'),29%,Co-ed,('63%' '37%'),87%,5%,3%,2%,5%,&lt; 1%,5%,85%
methodist college,7600 N. Academic Drive Peoria IL 61615,(40.77971 -89.68324),$35288,$35288,8,('88%' '85%' '100%'),8,('87%' '13%'),71%,Co-ed,('100%' '0%'),n/a,n/a
methodist university,5400 Ramsey St Fayetteville NC 28311,(35.13458 -78.87652),$49879,$49879,416,('79%' '89%' '73%'),2914,('30%' '70%'),18%,Co-ed,('35%' '65%'),53%,10%,2%,19%,9%,1%,24%,45%
metropolitan college of new york,60 West Street New York NY 10006-1742,(40.70866 -74.01511),$20188,$20188,16,('77%' '79%' '72%'),88,('67%' '33%'),28%,Co-ed,('68%' '32%'),36%,4%,2%,54%,32%,&lt; 1%,5%,7%
metropolitan community college area,30 &amp; Fort Street Omaha NE 68111-1610,(41.3086 -95.95663),$3195,$4680,532,n/a,n/a,n/a,n/a,Co-ed,('n/a' 'n/a'),55%,0%,3%,9%,15%,1%,18%,54%
metropolitan community college kansas city,3200 Broadway Kansas City MO 64111-2429,(39.0696 -94.59226),$6840,$9210,2166,n/a,n/a,n/a,n/a,Co-ed,('n/a' 'n/a'),59%,1%,3%,17%,13%,&lt; 1%,9%,58%
metropolitan state university,700 East Seventh Street Saint Paul MN 55106-5000,(44.9573 -93.07381),$9395,$9395,102,('67%' '66%' '66%'),650,('58%' '42%'),31%,Co-ed,('42%' '58%'),65%,3%,16%,25%,7%,1%,5%,46%
metropolitan state university of denver,Speer Blvd and Colfax Ave Denver CO 80217-3362,(39.74003 -104.99882),$10021,$27502,1519,('89%' '90%' '86%'),11306,('60%' '40%'),18%,Co-ed,('53%' '47%'),63%,1%,5%,7%,33%,1%,6%,49%
miami dade college,300 NE 2nd Avenue Miami FL 33132-2204,(25.77727 -80.19034),$1987,$7947,7040,n/a,n/a,n/a,n/a,Co-ed,('n/a' 'n/a'),n/a,n/a
miami international university of art and design art institute dallas,8080 Park Lane Suite 100 Dallas TX 75231-5993,(32.87193 -96.76765),$19354,$19354,24,n/a,n/a,n/a,n/a,Co-ed,('n/a' 'n/a'),35%,3%,2%,29%,26%,1%,7%,34%
miami university,501 East High St Oxford OH 45056,(39.50949 -84.73391),$31784,$52459,4519,('89%' '87%' '89%'),29990,('55%' '45%'),17%,Co-ed,('52%' '48%'),92%,14%,5%,4%,5%,&lt; 1%,5%,81%
miami university hamilton,1601 University Blvd Hamilton OH 45011,(39.3789 -84.56267),$6769,$17675,396,n/a,n/a,n/a,n/a,Co-ed,('n/a' 'n/a'),64%,5%,3%,9%,4%,&lt; 1%,8%,76%
miami university middletown,4200 E University Blvd Middletown OH 45042,(39.52682 -84.35591),$6769,$17675,166,n/a,n/a,n/a,n/a,Co-ed,('n/a' 'n/a'),65%,14%,2%,5%,3%,&lt; 1%,8%,81%
miat college of technology,2955 S Haggerty Canton MI 48188,(42.28582 -83.44569),$14513,$14513,n/a,('100%' '100%' '99%'),577,('8%' '92%'),66%,Enrolled women:,('93%' ''),66%,0%,3%,16%,24%,1%,15%,40%
michigan state university,220 Trowbridge Rd East Lansing MI 48824,(42.71963 -84.49079),$25426,$51238,9225,('83%' '85%' '80%'),50630,('53%' '47%'),22%,Co-ed,('53%' '47%'),92%,12%,6%,8%,5%,&lt; 1%,4%,76%
michigan technological university michigan tech,1400 Townsend Drive Houghton MI 49931,(47.11901 -88.55142),$28621,$49767,1479,('86%' '85%' '86%'),8041,('38%' '62%'),21%,Co-ed,('27%' '73%'),84%,3%,2%,1%,2%,&lt; 1%,5%,90%
mid america christian university,3500 SW 119th St Oklahoma City OK 73170,(35.3482 -97.57835),$27350,$27350,,n/a,n/a,n/a,n/a,,('n/a' 'n/a'),60%,3%,1%,17%,27%,3%,11%,42%
mid america college of funeral service,3111 Hamburg Pke Jeffersonville IN 47130,(38.31204 -85.74448),$16960,$16960,43,n/a,n/a,n/a,n/a,Co-ed,('n/a' 'n/a'),22%,0%,&lt; 1%,13%,&lt; 1%,&lt; 1%,36%,51%
mid atlantic christian university,715 N Poindexter St Elizabeth City NC 27909,(36.30434 -76.21684),$25690,$25690,42,('48%' '42%' '50%'),250,('31%' '69%'),35%,Co-ed,('26%' '74%'),65%,1%,1%,21%,7%,1%,2%,70%
mid michigan college,1375 S Clare Ave Harrison MI 48625-9447,(43.97024 -84.76784),$7626,$7626,263,n/a,n/a,n/a,n/a,Co-ed,('n/a' 'n/a'),53%,0%,1%,3%,5%,1%,6%,84%
mid plains community college,1101 Halligan Drive North Platte NE 69101,(41.111 -100.74923),$10230,$11130,238,n/a,n/a,n/a,n/a,Co-ed,('n/a' 'n/a'),60%,2%,&lt; 1%,2%,9%,1%,3%,85%
mid state technical college,500 32nd St N Wisconsin Rapids WI 54494,(44.39246 -89.78682),$4417,$6351,181,n/a,n/a,n/a,n/a,Co-ed,('n/a' 'n/a'),67%,0%,3%,2%,4%,1%,5%,85%
midamerica nazarene university,2030 E College Way Olathe KS 66062,(38.87425 -94.78419),$43402,$43402,208,('65%' '63%' '65%'),1092,('44%' '56%'),29%,Co-ed,('34%' '66%'),67%,0%,3%,13%,7%,1%,15%,62%
middle georgia state university,100 University Parkway Macon GA 31206,(32.80704 -83.7317),$12622,$19969,1034,('99%' '99%' '99%'),2434,('53%' '47%'),43%,Co-ed,('46%' '54%'),64%,1%,3%,33%,5%,&lt; 1%,4%,55%
middle tennessee state university mtsu,1301 East Main Street Murfreesboro TN 37132,(35.848547 -86.364707),$18808,$37840,2752,('68%' '68%' '68%'),11244,('56%' '44%'),36%,Co-ed,('52%' '48%'),76%,4%,3%,21%,5%,&lt; 1%,4%,66%
middlebury college,Old Chapel Middlebury VT 05753,(44.00903 -73.17631),$76820,$76820,680,('13%' '12%' '14%'),11906,('56%' '44%'),42%,Co-ed,('52%' '48%'),96%,11%,6%,4%,10%,&lt; 1%,11%,69%
middlesex college,2600 Woodbridge Avenue Edison NJ 08837,(40.50995 -74.36608),$7992,$7992,1617,n/a,n/a,n/a,n/a,Co-ed,('n/a' 'n/a'),68%,3%,17%,12%,34%,1%,9%,27%
middlesex community college connecticut,100 Training Hill Rd Middletown CT 06457-4829,(41.53803 -72.6104),$4476,$13428,371,n/a,n/a,n/a,n/a,Co-ed,('n/a' 'n/a'),57%,0%,4%,9%,21%,&lt; 1%,5%,61%
middlesex community college massachusetts,591 Springs Rd Bedford MA 01730-9124,(42.52494 -71.27598),$6048,$12120,572,n/a,n/a,n/a,n/a,Co-ed,('n/a' 'n/a'),60%,2%,15%,9%,18%,&lt; 1%,4%,54%
midland college,3600 N Garfield Midland TX 79705,(32.02556 -102.10901),$10020,$11280,,n/a,n/a,n/a,n/a,,('n/a' 'n/a'),n/a,n/a
midland university,900 N. Clarkson Fremont NE 68025,(41.43737 -96.49069),$46320,$46320,341,('64%' '56%' '71%'),1691,('53%' '47%'),32%,Co-ed,('47%' '53%'),60%,1%,3%,5%,9%,&lt; 1%,33%,49%
midlands technical college,1260 Lexington Drive West Columbia SC 29170-2176,(33.9521 -81.11582),$5916,$13812,1295,n/a,n/a,n/a,n/a,Co-ed,('n/a' 'n/a'),49%,0%,2%,34%,7%,&lt; 1%,11%,45%
midway university,512 E. Stephens St Midway KY 40347,(38.14481 -84.67985),$33450,$33450,237,('78%' '77%' '78%'),1002,('63%' '37%'),30%,Co-ed,('66%' '34%'),74%,5%,1%,8%,5%,&lt; 1%,6%,79%
midwestern baptist theological seminary,5001 N. Oak Trafficway Kansas City MO 64118-4697,(39.18545 -94.57662),$20542,$20542,82,('98%' '100%' '96%'),212,('36%' '64%'),80%,Co-ed,('38%' '62%'),78%,9%,10%,4%,6%,1%,12%,67%
midwestern state university,3410 Taft Blvd Wichita Falls TX 76308,(33.87691 -98.51842),$19734,$21684,755,('95%' '95%' '93%'),3881,('64%' '36%'),21%,Co-ed,('61%' '39%'),65%,9%,4%,16%,21%,1%,5%,54%
mildred elley school albany campus,855 Central Ave Albany NY 12206-1513,(42.68113 -73.78884),$13873,$13873,68,n/a,n/a,n/a,n/a,Co-ed,('n/a' 'n/a'),69%,0%,1%,29%,6%,1%,30%,32%
miles college,5500 Myron Massey Blvd Fairfield AL 35064,(33.48073 -86.90804),$20062,$20062,,n/a,n/a,n/a,n/a,,('n/a' 'n/a'),54%,0%,&lt; 1%,92%,1%,&lt; 1%,5%,2%
miles community college,2715 Dickinson Street Miles City MT 59301-4774,(46.40596 -105.82534),$13620,$17370,115,n/a,n/a,n/a,n/a,Co-ed,('n/a' 'n/a'),66%,0%,&lt; 1%,2%,4%,6%,6%,82%
millersville university,1 South George Street Lyle Hall Millersville PA 17551,(39.99773 -76.35422),$25606,$35576,1225,('96%' '97%' '95%'),6087,('58%' '42%'),21%,Co-ed,('58%' '42%'),75%,1%,3%,9%,11%,&lt; 1%,3%,74%
milligan university,1 Blowers Blvd. Milligan College TN 37682,(36.30155 -82.29498),$43640,$43640,176,('60%' '56%' '65%'),860,('60%' '40%'),34%,Co-ed,('47%' '53%'),71%,4%,2%,4%,4%,&lt; 1%,4%,85%
millikin university,1184 W Main St Decatur IL 62522,(39.84109 -88.97459),$52282,$52282,409,('75%' '78%' '71%'),3047,('53%' '47%'),18%,Co-ed,('48%' '52%'),78%,4%,2%,15%,7%,&lt; 1%,6%,71%
mills college northeastern university,5000 MacArthur Blvd Oakland CA 94613,(37.78218 -122.18777),$45319,$45319,39,('80%' '83%' '4%'),847,('94%' '6%'),6%,Co-ed,('100%' '0%'),75%,1%,9%,9%,29%,1%,11%,41%
millsaps college,1701 N State St Jackson MS 39210,(32.32276 -90.18038),$57170,$57170,201,('68%' '68%' '67%'),2220,('53%' '47%'),13%,Co-ed,('45%' '55%'),79%,4%,4%,22%,5%,1%,3%,64%
milwaukee area technical college,700 W State St Milwaukee WI 53233-1443,(43.0434 -87.92125),$12632,$14747,899,n/a,n/a,n/a,n/a,Co-ed,('n/a' 'n/a'),46%,0%,6%,28%,19%,1%,10%,37%
milwaukee institute of art and design,273 E Erie St Milwaukee WI 53202,(43.03115 -87.90772),$49050,$49050,221,('68%' '67%' '70%'),933,('77%' '23%'),35%,Co-ed,('81%' '19%'),80%,0%,4%,7%,14%,&lt; 1%,6%,68%
milwaukee school of engineering msoe,1025 N Broadway Milwaukee WI 53202,(43.04415 -87.90841),$57146,$57146,650,('67%' '63%' '68%'),4522,('33%' '67%'),22%,Co-ed,('22%' '78%'),87%,10%,5%,2%,6%,&lt; 1%,12%,74%
mineral area college,5270 Flat River Road Park Hills MO 63601-1000,(37.85102 -90.51255),$10800,$12360,495,n/a,n/a,n/a,n/a,Co-ed,('n/a' 'n/a'),62%,2%,1%,2%,3%,&lt; 1%,5%,90%
minneapolis college of art and design,2501 Stevens Ave Minneapolis MN 55404,(44.95679 -93.27529),$50174,$50174,163,('66%' '66%' '62%'),638,('71%' '29%'),39%,Co-ed,('71%' '29%'),86%,3%,9%,6%,8%,2%,9%,67%
minneapolis community and technical college,1501 Hennepin Ave Minneapolis MN 55403-1779,(44.97196 -93.28408),$5906,$5906,375,n/a,n/a,n/a,n/a,Co-ed,('n/a' 'n/a'),54%,2%,6%,32%,13%,1%,9%,38%
minnesota north college hibbing,1515 East 25th Street Hibbing MN 55746,(47.42047 -92.92091),$11848,$13146,146,n/a,n/a,n/a,n/a,Co-ed,('n/a' 'n/a'),54%,1%,1%,6%,4%,1%,5%,83%
minnesota north college itasca,1851 East Highway 169 Grand Rapids MN 55744-3397,(47.24302 -93.49674),$13932,$15230,170,n/a,n/a,n/a,n/a,Co-ed,('n/a' 'n/a'),51%,1%,&lt; 1%,10%,5%,1%,7%,77%
minnesota north college mesabi range virginia,1001 Chestnut Street West Virginia MN 55792,(47.52325 -92.54913),$5788,$7086,157,n/a,n/a,n/a,n/a,Co-ed,('n/a' 'n/a'),66%,0%,&lt; 1%,10%,4%,3%,12%,71%
minnesota north college rainy river,1501 Highway 71 International Falls MN 56649-2160,(48.58986 -93.43615),$11388,$12686,47,n/a,n/a,n/a,n/a,Co-ed,('n/a' 'n/a'),39%,6%,&lt; 1%,13%,18%,3%,9%,58%
minnesota state college southeast,1250 Homer Rd Winona MN 55987,(44.02423 -91.62042),$6562,$6562,148,n/a,n/a,n/a,n/a,Co-ed,('n/a' 'n/a'),66%,0%,1%,3%,5%,1%,7%,83%
minnesota state community and technical college,1414 College Way Fergus Falls MN 56537-1000,(46.2872 -96.10021),$12586,$12586,549,n/a,n/a,n/a,n/a,Co-ed,('n/a' 'n/a'),63%,0%,2%,8%,5%,1%,8%,76%
minnesota state university mankato,South Rd and Ellis Ave Mankato MN 56001,(44.14626 -93.99935),$19344,$28398,2113,('69%' '69%' '68%'),9859,('57%' '43%'),31%,Co-ed,('56%' '44%'),74%,9%,4%,6%,5%,&lt; 1%,6%,79%
minnesota state university moorhead,1104 Seventh Avenue South Moorhead MN 56563,(46.86719 -96.76256),$19298,$27394,613,('72%' '74%' '66%'),3143,('62%' '38%'),27%,Co-ed,('67%' '33%'),72%,7%,2%,4%,4%,1%,6%,84%
minnesota west community and technical college,1593 11th Ave Granite Falls MN 56241,(44.808 -95.55985),$12786,$18436,280,n/a,n/a,n/a,n/a,Co-ed,('n/a' 'n/a'),60%,1%,2%,6%,9%,1%,6%,76%
minot state university,500 University Ave W Minot ND 58707,(48.24521 -101.30165),$15056,$15056,374,('88%' '89%' '87%'),551,('54%' '46%'),77%,Co-ed,('56%' '44%'),70%,8%,2%,7%,8%,2%,7%,74%
miracosta college,One Barnard Drive Oceanside CA 92056-3899,(33.1897 -117.30091),$1152,$8520,1039,n/a,n/a,n/a,n/a,Co-ed,('n/a' 'n/a'),100%,1%,7%,4%,39%,1%,10%,39%
mirrer yeshiva cent institute,1791-5 Ocean Parkway Brooklyn NY 11223-2010,(40.60515 -73.96658),$18287,$18287,37,n/a,n/a,n/a,n/a,Co-ed,('n/a' 'n/a'),81%,8%,&lt; 1%,&lt; 1%,&lt; 1%,&lt; 1%,&lt; 1%,100%
misericordia university,301 Lake St Dallas PA 18612,(41.34397 -75.97369),$50460,$50460,361,('89%' '88%' '90%'),2184,('60%' '40%'),19%,Co-ed,('60%' '40%'),79%,0%,1%,3%,3%,&lt; 1%,7%,85%
mission college,3000 Mission College Blvd Santa Clara CA 95054-1897,(37.38976 -121.98582),$1204,$8572,276,n/a,n/a,n/a,n/a,Co-ed,('n/a' 'n/a'),79%,1%,40%,4%,33%,1%,8%,15%
mississippi college,200 South Capitol Street Clinton MS 39058,(32.33816 -90.33176),$32044,$32044,435,('49%' '47%' '51%'),2339,('62%' '38%'),38%,Co-ed,('58%' '42%'),80%,5%,2%,20%,3%,1%,1%,73%
mississippi delta community college,Hwy 3 and Cherry St Moorhead MS 38761,(33.44568 -90.50559),$7340,$9540,451,n/a,n/a,n/a,n/a,Co-ed,('n/a' 'n/a'),56%,0%,&lt; 1%,66%,2%,&lt; 1%,3%,28%
mississippi gulf coast community college,51 Main Street Perkinston MS 39573,(30.78273 -89.13786),$9050,$12350,1567,n/a,n/a,n/a,n/a,Co-ed,('n/a' 'n/a'),66%,0%,2%,23%,6%,&lt; 1%,14%,55%
mississippi state university msu,Lee Boulevard Mississippi State MS 39762,(33.45519 -88.78664),$19850,$35530,3388,('76%' '75%' '77%'),17707,('58%' '42%'),25%,Co-ed,('52%' '48%'),80%,1%,1%,21%,3%,1%,2%,72%
mississippi university for women,1100 College Street Columbus MS 39701,(33.49497 -88.42049),$15664,$15664,171,('99%' '99%' '97%'),422,('88%' '12%'),41%,Co-ed,('85%' '15%'),63%,3%,2%,37%,&lt; 1%,1%,&lt; 1%,60%
mississippi valley state university,14000 Highway 82 West Itta Bena MS 38941,(33.50905 -90.33766),$15180,$15180,199,('79%' '80%' '75%'),3155,('59%' '41%'),8%,Co-ed,('52%' '48%'),62%,0%,1%,90%,1%,&lt; 1%,6%,2%
missouri baptist university,One College Park Dr Saint Louis MO 63141,(38.64239 -90.46334),$41588,$41588,236,('62%' '60%' '63%'),699,('49%' '51%'),55%,Co-ed,('43%' '57%'),66%,1%,2%,7%,1%,1%,29%,61%
missouri southern state university,3950 E. Newman Road Joplin MO 64801,(37.09801 -94.45992),$14922,$22514,578,('97%' '96%' '96%'),1695,('61%' '39%'),35%,Co-ed,('57%' '43%'),61%,3%,2%,7%,7%,3%,5%,76%
missouri state university springfield,901 S National Avenue Springfield MO 65897,(37.198 -93.27618),$17730,$25934,2562,('94%' '94%' '92%'),9726,('65%' '35%'),28%,Co-ed,('62%' '38%'),78%,4%,2%,4%,4%,1%,5%,84%
missouri state university west plains,128 Garfield Avenue West Plains MO 65775-2715,(36.72868 -91.85622),$11414,$15494,267,n/a,n/a,n/a,n/a,Co-ed,('n/a' 'n/a'),58%,1%,1%,2%,3%,1%,6%,88%
missouri university of science technology missouri s t,1201 N. State St. Rolla MO 65409,(37.95385 -91.77516),$21841,$40125,1188,('85%' '84%' '85%'),5533,('30%' '70%'),25%,Co-ed,('23%' '77%'),83%,4%,4%,3%,4%,&lt; 1%,5%,83%
missouri valley college,500 E College St Marshall MO 65340,(39.10888 -93.19024),$32000,$32000,549,('66%' '58%' '68%'),2342,('30%' '70%'),36%,Co-ed,('27%' '73%'),44%,12%,2%,16%,10%,1%,6%,65%
missouri western state university,4525 Downs Dr Saint Joseph MO 64507,(39.75797 -94.78228),$19075,$25600,613,n/a,n/a,n/a,n/a,Co-ed,('n/a' 'n/a'),62%,1%,2%,9%,2%,&lt; 1%,7%,80%
mitchell college,437 Pequot Avenue New London CT 06320,(41.32876 -72.09282),$49960,$49960,109,('78%' '80%' '75%'),1231,('50%' '50%'),11%,Co-ed,('35%' '65%'),60%,0%,2%,13%,14%,1%,21%,49%
mitchell community college,500 W Broad Street Statesville NC 28677,(35.78363 -80.8926),$2651,$8795,240,n/a,n/a,n/a,n/a,Co-ed,('n/a' 'n/a'),54%,0%,3%,10%,13%,1%,5%,69%
mitchell technical college,1800 E. Spruce Street Mitchell SD 57301,(43.68761 -98.00921),$7524,$7524,418,n/a,n/a,n/a,n/a,Co-ed,('n/a' 'n/a'),78%,0%,1%,&lt; 1%,4%,3%,3%,89%
moberly area community college,101 College Ave Moberly MO 65270-1304,(39.41805 -92.45495),$11550,$13260,855,n/a,n/a,n/a,n/a,Co-ed,('n/a' 'n/a'),65%,0%,2%,7%,7%,1%,5%,78%
modern college of design,1725 E David Rd Kettering OH 45440,(39.68102 -84.1342),$31007,$31007,37,('99%' '99%' '100%'),291,('75%' '25%'),24%,Co-ed,('75%' '25%'),n/a,n/a
modesto junior college,435 College Ave Modesto CA 95350-5800,(37.65129 -121.00745),$10464,$17832,1413,n/a,n/a,n/a,n/a,Co-ed,('n/a' 'n/a'),n/a,n/a
mohave community college,1971 Jagerson Ave Kingman AZ 86409-1238,(35.26796 -114.04352),$2136,$7008,110,n/a,n/a,n/a,n/a,Co-ed,('n/a' 'n/a'),62%,1%,2%,1%,26%,2%,4%,63%
mohawk valley community college,1101 Sherman Dr Utica NY 13501-5394,(43.07693 -75.21973),$16856,$19154,852,n/a,n/a,n/a,n/a,Co-ed,('n/a' 'n/a'),59%,1%,6%,8%,8%,&lt; 1%,5%,73%
molloy university,1000 Hempstead Ave Rockville Centre NY 11571,(40.68639 -73.62477),$50820,$50820,541,('79%' '79%' '78%'),5108,('72%' '28%'),13%,Co-ed,('72%' '28%'),89%,0%,7%,8%,15%,&lt; 1%,3%,67%
monmouth college illinois,700 E Broadway Monmouth IL 61462,(40.912245 -90.640752),$51780,$51780,179,('66%' '70%' '61%'),2526,('42%' '58%'),11%,Co-ed,('44%' '56%'),73%,7%,1%,11%,11%,&lt; 1%,10%,66%
monmouth university new jersey,400 Cedar Ave West Long Branch NJ 07764,(40.28073 -74.00842),$56995,$56995,954,('84%' '87%' '76%'),8208,('62%' '38%'),14%,Co-ed,('65%' '35%'),81%,1%,3%,5%,13%,&lt; 1%,8%,70%
monroe college,2501 Jerome Avenue Bronx NY 10468,(40.86429 -73.89989),$27986,$27986,786,('39%' '33%' '46%'),3845,('58%' '42%'),59%,Co-ed,('52%' '48%'),73%,12%,6%,49%,40%,1%,&lt; 1%,4%
monroe community college,1000 E Henrietta Rd Rochester NY 14623,(43.10041 -77.61429),$13496,$18202,1551,n/a,n/a,n/a,n/a,Co-ed,('n/a' 'n/a'),57%,1%,6%,19%,12%,1%,5%,57%
monroe county community college,1555 South Raisinville Road Monroe MI 48161-9746,(41.91815 -83.4682),$7055,$7760,226,n/a,n/a,n/a,n/a,Co-ed,('n/a' 'n/a'),57%,0%,&lt; 1%,3%,3%,&lt; 1%,24%,69%
montana state university billings,1500 University Drive Billings MT 59101,(45.79744 -108.51913),$13978,$27308,402,n/a,n/a,n/a,n/a,Co-ed,('n/a' 'n/a'),54%,2%,1%,1%,6%,4%,5%,82%
montana state university msu,Montana State University Bozeman MT 59717,(45.6712 -111.04964),$17928,$38664,3874,('73%' '68%' '78%'),26741,('57%' '43%'),20%,Co-ed,('45%' '55%'),77%,4%,1%,1%,4%,1%,6%,87%
montana state university northern,300 W 11th St Havre MT 59501,(48.54362 -109.68629),$12425,$25135,,n/a,n/a,n/a,n/a,,('n/a' 'n/a'),66%,0%,1%,2%,4%,10%,9%,74%
montana tech of the university of montana montana tech,1300 W Park St Butte MT 59701,(46.01237 -112.55691),$18058,$33228,325,('90%' '92%' '87%'),1594,('42%' '58%'),23%,Co-ed,('40%' '60%'),73%,13%,1%,1%,2%,2%,9%,85%
montcalm community college,2800 College Dr. Sidney MI 48885-9723,(43.25291 -85.10043),$7860,$12030,98,n/a,n/a,n/a,n/a,Co-ed,('n/a' 'n/a'),51%,0%,&lt; 1%,&lt; 1%,2%,&lt; 1%,48%,49%
montclair state university msu,1 Normal Avenue Montclair NJ 07043,(40.85724 -74.19846),$29686,$37806,3491,('91%' '92%' '87%'),18691,('62%' '38%'),21%,Co-ed,('61%' '39%'),79%,2%,6%,13%,28%,&lt; 1%,11%,42%
montefiore school of nursing,53 Valentine Street Mount Vernon NY 10550-2009,(40.91203 -73.84038),$12698,$12698,n/a,('15%' '16%' '8%'),196,('87%' '13%'),100%,Enrolled women:,('7%' ''),n/a,n/a
monterey peninsula college,980 Fremont St Monterey CA 93940-4799,(36.59426 -121.88528),$1178,$8138,453,n/a,n/a,n/a,n/a,Co-ed,('n/a' 'n/a'),68%,0%,7%,3%,47%,1%,9%,33%
montgomery college,51 Mannakee Street Rockville MD 20850,(39.09636 -77.15908),$10254,$14034,1486,n/a,n/a,n/a,n/a,Co-ed,('n/a' 'n/a'),72%,10%,14%,29%,29%,&lt; 1%,4%,23%
montgomery community college,1011 Page St Troy NC 27371,(35.36567 -79.87143),$2538,$8682,24,n/a,n/a,n/a,n/a,Co-ed,('n/a' 'n/a'),50%,1%,3%,16%,22%,1%,4%,56%
montgomery county community college,340 Dekalb Pike Blue Bell PA 19422-0796,(40.17605 -75.27694),$8640,$12960,953,n/a,n/a,n/a,n/a,Co-ed,('n/a' 'n/a'),61%,1%,6%,15%,10%,&lt; 1%,10%,59%
montreat college,310 Gaither Circle Montreat NC 28757,(35.64596 -82.29752),$39290,$39290,212,('90%' '92%' '86%'),1465,('57%' '43%'),16%,Co-ed,('41%' '59%'),60%,3%,1%,15%,6%,2%,8%,68%
montserrat college of art,23 Essex Street Beverly MA 01915,(42.55007 -70.87619),$50550,$50550,,n/a,n/a,n/a,n/a,,('n/a' 'n/a'),82%,0%,2%,2%,8%,&lt; 1%,46%,41%
moody bible institute,820 N LaSalle Blvd Chicago IL 60610-3284,(41.89732 -87.63275),$26435,$26435,154,('98%' '98%' '96%'),298,('50%' '50%'),57%,Co-ed,('46%' '54%'),73%,10%,5%,9%,9%,&lt; 1%,15%,63%
moore college of art and design,20th and the Parkway Philadelphia PA 19103,(39.97407 -75.81815),$63490,$63490,100,('58%' '58%' '0%'),1113,('100%' '0%'),15%,All-female,('100%' '0%'),72%,1%,4%,20%,8%,&lt; 1%,15%,54%
moorpark college,7075 Campus Rd Moorpark CA 93021-1695,(34.30144 -118.83219),$1344,$8092,1434,n/a,n/a,n/a,n/a,Co-ed,('n/a' 'n/a'),77%,0%,8%,2%,40%,&lt; 1%,9%,40%
moraine park technical college,235 N National Avenue Fond du Lac WI 54936-1940,(43.78582 -88.42183),$4568,$6683,293,n/a,n/a,n/a,n/a,Co-ed,('n/a' 'n/a'),78%,1%,1%,3%,7%,1%,5%,82%
moraine valley community college,9000 W. College Parkway Palos Hills IL 60465-0937,(41.69 -87.8374),$8118,$9414,1252,n/a,n/a,n/a,n/a,Co-ed,('n/a' 'n/a'),72%,1%,3%,10%,27%,&lt; 1%,11%,49%
moravian university,1200 Main St Bethlehem PA 18018,(40.63018 -75.38161),$63201,$63201,449,('78%' '78%' '76%'),2789,('61%' '39%'),21%,Co-ed,('61%' '39%'),81%,6%,2%,5%,11%,&lt; 1%,9%,73%
morehead state university,University Blvd Morehead KY 40351,(38.18861883677 -83.430108466),$19502,$24146,1184,('90%' '90%' '88%'),6922,('67%' '33%'),19%,Co-ed,('63%' '37%'),74%,2%,1%,3%,2%,&lt; 1%,3%,91%
morehouse college,830 Westview Dr SW Atlanta GA 30314,(33.74659 -84.41527),$43740,$43740,629,('65%' '0%' '65%'),3777,('0%' '100%'),26%,All-male,('0%' '100%'),75%,1%,&lt; 1%,95%,1%,&lt; 1%,4%,&lt; 1%
morgan community college,920 Barlow Road Fort  Morgan CO 80701,(40.25794 -103.77287),$3852,$15274,45,n/a,n/a,n/a,n/a,Co-ed,('n/a' 'n/a'),n/a,n/a
morgan state university,1700 East Cold Spring Lane Baltimore MD 21251,(39.34582 -76.58593),$19902,$30373,2326,('87%' '89%' '83%'),15564,('66%' '34%'),17%,Co-ed,('62%' '38%'),72%,12%,1%,87%,4%,&lt; 1%,5%,2%
morningside university,1501 Morningside Ave Sioux City IA 51106,(42.47519 -96.35848),$45680,$45680,370,('74%' '74%' '73%'),3271,('56%' '44%'),15%,Co-ed,('47%' '53%'),71%,5%,1%,2%,8%,1%,8%,79%
morris college,100 West College Street Sumter SC 29150,(33.93808 -80.34467),$22466,$22466,,n/a,n/a,n/a,n/a,,('n/a' 'n/a'),50%,0%,&lt; 1%,97%,1%,&lt; 1%,2%,&lt; 1%
morrison institute of technology,701 Portland Ave Morrison IL 61270-2959,(41.79734 -89.96441),$23656,$23656,28,n/a,n/a,n/a,n/a,Co-ed,('n/a' 'n/a'),76%,0%,&lt; 1%,4%,7%,&lt; 1%,1%,88%
morton college,3801 S Central Ave Cicero IL 60804-4398,(41.82357 -87.76316),$9476,$11524,410,n/a,n/a,n/a,n/a,Co-ed,('n/a' 'n/a'),63%,0%,1%,3%,84%,&lt; 1%,6%,5%
motlow state community college,6015 Ledford Mill Road Tullahoma TN 37388,(35.39029 -86.24404),$4416,$17232,1439,n/a,n/a,n/a,n/a,Co-ed,('n/a' 'n/a'),50%,0%,2%,10%,9%,&lt; 1%,6%,72%
mott community college,1401 E Court St Flint MI 48503-2089,(43.01822 -83.67082),$5201,$7091,436,n/a,n/a,n/a,n/a,Co-ed,('n/a' 'n/a'),60%,0%,1%,13%,13%,1%,12%,60%
mount aloysius college,7373 Admiral Peary Hwy Cresson PA 16630,(40.45938 -78.60112),$36524,$36524,270,('92%' '91%' '93%'),1403,('59%' '41%'),21%,Co-ed,('68%' '32%'),72%,3%,1%,2%,1%,&lt; 1%,16%,81%
mount angel seminary,1 Abbey Drive Saint Benedict OR 97373,(45.05848 -122.77846),$41124,$41124,2,n/a,n/a,n/a,n/a,Co-ed,('n/a' 'n/a'),50%,8%,9%,2%,40%,&lt; 1%,4%,45%
mount carmel college of nursing,127 So.  Davis Ave Columbus OH 43222,(39.95646 -83.021),$21709,$21709,33,('52%' '51%' '55%'),136,('93%' '7%'),46%,Co-ed,('87%' '13%'),64%,0%,2%,10%,2%,&lt; 1%,4%,82%
mount holyoke college,50 College Street South Hadley MA 01075,(42.25762 -72.57623),$73098,$73098,608,('52%' '52%' '0%'),3971,('100%' '0%'),29%,All-female,('100%' '0%'),92%,28%,14%,7%,10%,&lt; 1%,7%,63%
mount marty university,1105 W. 8th Street Yankton SD 57078,(42.87621 -97.41016),$38534,$38534,190,('67%' '75%' '63%'),944,('30%' '70%'),30%,Co-ed,('36%' '64%'),71%,0%,2%,3%,5%,3%,1%,86%
mount mary university,2900 N. Menomonee River Pky Milwaukee WI 53222,(43.07215 -88.03506),$42400,$42400,190,('62%' '62%' '0%'),1193,('100%' '0%'),26%,Co-ed,('100%' '0%'),72%,2%,8%,20%,21%,&lt; 1%,4%,46%
mount mercy university,1330 Elmhurst Dr NE Cedar Rapids IA 52402,(42.00255 -91.65178),$46968,$46968,222,('81%' '83%' '76%'),1278,('66%' '34%'),21%,Co-ed,('59%' '41%'),67%,4%,2%,7%,1%,1%,6%,82%
mount saint joseph university,5701 Delhi Rd Cincinnati OH 45233,(39.09643 -84.63862),$43650,$43650,300,('63%' '56%' '68%'),2495,('44%' '56%'),19%,Co-ed,('50%' '50%'),72%,0%,1%,12%,1%,&lt; 1%,19%,67%
mount saint mary college,330 Powell Avenue Newburgh NY 12550,(41.51307 -74.01483),$53622,$53622,258,('91%' '92%' '87%'),2778,('69%' '31%'),10%,Co-ed,('65%' '35%'),85%,1%,3%,8%,18%,1%,13%,59%
mount saint mary university,12001 Chalon Rd Los Angeles CA 90049,(34.08178 -118.48096),$61543,$61543,452,('90%' '90%' '84%'),1710,('96%' '4%'),24%,All-female,('96%' '4%'),73%,0%,19%,6%,57%,&lt; 1%,8%,9%
mount st mary university,16300 Old Emmitsburg Road Emmitsburg MD 21727,(39.68084 -77.35002),$58710,$58710,532,('82%' '81%' '81%'),4620,('56%' '44%'),14%,Co-ed,('49%' '51%'),74%,1%,3%,17%,11%,1%,7%,62%
mount vernon nazarene university,800 Martinsburg Rd Mount Vernon OH 43050,(40.37168 -82.47393),$42110,$42110,294,('87%' '86%' '88%'),1182,('58%' '42%'),29%,Co-ed,('51%' '49%'),79%,1%,1%,4%,2%,&lt; 1%,8%,85%
mount wachusett community college,444 Green St Gardner MA 01440-1000,(42.593191 -71.986953),$5668,$10588,274,n/a,n/a,n/a,n/a,Co-ed,('n/a' 'n/a'),57%,0%,2%,10%,18%,&lt; 1%,6%,64%
mountain empire community college,3441 Mountain Empire Road Big Stone Gap VA 24219,(36.85592 -82.75711),$4710,$10713,213,n/a,n/a,n/a,n/a,Co-ed,('n/a' 'n/a'),68%,0%,1%,1%,1%,1%,3%,93%
mountain state college,1508 Spring St Parkersburg WV 26101-3993,(39.27387 -81.54895),$8665,$8665,3,n/a,n/a,n/a,n/a,Co-ed,('n/a' 'n/a'),83%,0%,&lt; 1%,5%,&lt; 1%,&lt; 1%,&lt; 1%,95%
mt hood community college,26000 SE Stark St Gresham OR 97030,(45.51896 -122.39661),$5013,$9369,391,n/a,n/a,n/a,n/a,Co-ed,('n/a' 'n/a'),53%,1%,6%,3%,17%,1%,19%,53%
mt san antonio college,1100 N Grand Ave Walnut CA 91789-1399,(34.04313 -117.84773),$1288,$9968,2244,n/a,n/a,n/a,n/a,Co-ed,('n/a' 'n/a'),76%,1%,19%,4%,65%,&lt; 1%,3%,9%
mt san jacinto community college district,1499 N. State St. San Jacinto CA 92583-2399,(33.80718 -116.97209),$1406,$11276,1458,n/a,n/a,n/a,n/a,Co-ed,('n/a' 'n/a'),67%,0%,7%,5%,48%,1%,13%,27%
muhlenberg college,2400 Chew Street Allentown PA 18104,(40.5961 -75.50637),$68630,$68630,450,('68%' '70%' '63%'),4118,('58%' '42%'),16%,Co-ed,('58%' '42%'),88%,4%,3%,4%,7%,&lt; 1%,9%,76%
multnomah university,8435 NE Glisan St Portland OR 97220,(45.5264 -122.5739),$38730,$38730,78,('59%' '63%' '56%'),320,('37%' '63%'),41%,Co-ed,('33%' '67%'),56%,0%,3%,4%,9%,2%,10%,74%
murray state college,One Murray Campus Tishomingo OK 73460,(34.22318 -96.67849),$13630,$17830,96,n/a,n/a,n/a,n/a,Co-ed,('n/a' 'n/a'),59%,0%,1%,2%,11%,5%,25%,55%
murray state university,218 Wells Hall Murray KY 42071,(36.61373 -88.31943),$19120,$28396,1395,('85%' '86%' '82%'),9144,('65%' '35%'),18%,Co-ed,('60%' '40%'),79%,4%,1%,6%,2%,&lt; 1%,6%,85%
musicians institute,6752 Hollywood Blvd. Hollywood CA 90028,(34.10155 -118.33764),$24795,$24795,92,('79%' '72%' '81%'),350,('35%' '65%'),42%,Co-ed,('20%' '80%'),47%,34%,14%,10%,17%,1%,17%,41%
muskegon community college,221 S Quarterline Rd Muskegon MI 49442-1432,(43.24746 -86.19687),$10750,$14390,467,n/a,n/a,n/a,n/a,Co-ed,('n/a' 'n/a'),65%,1%,2%,8%,8%,&lt; 1%,6%,77%
muskingum university,163 Stormont Street New Concord OH 43762,(39.99702 -81.73806),$42140,$42140,422,('86%' '90%' '81%'),2504,('46%' '54%'),20%,Co-ed,('47%' '53%'),76%,4%,1%,5%,3%,&lt; 1%,11%,80%
myotherapy institute,245 South 84th ST #100 Lincoln NE 68510,(40.81185 -96.6069),$16390,$16390,6,n/a,n/a,n/a,n/a,Co-ed,('n/a' 'n/a'),80%,0%,14%,7%,7%,&lt; 1%,&lt; 1%,71%
napa valley college,2277 Napa-Vallejo Hwy Napa CA 94558-6236,(38.27344 -122.27275),$1150,$8734,437,n/a,n/a,n/a,n/a,Co-ed,('n/a' 'n/a'),72%,0%,13%,5%,47%,1%,8%,26%
naropa university,2130 Arapahoe Ave Boulder CO 80302,(40.01461 -105.26705),$45316,$45316,29,('100%' '100%' '100%'),148,('73%' '27%'),20%,Co-ed,('34%' '66%'),73%,2%,2%,1%,11%,&lt; 1%,17%,68%
nash community college,522 N. Old Carriage Road Rocky Mount NC 27804,(35.9771 -77.89946),$2834,$8834,305,n/a,n/a,n/a,n/a,Co-ed,('n/a' 'n/a'),70%,1%,1%,30%,10%,2%,4%,52%
nashua community college,505 Amherst St Nashua NH 03063-1026,(42.79354 -71.52403),$7140,$15390,170,n/a,n/a,n/a,n/a,Co-ed,('n/a' 'n/a'),59%,0%,2%,3%,20%,&lt; 1%,9%,65%
nashville state community college,120 White Bridge Rd Nashville TN 37209-4515,(36.13539 -86.85833),$4372,$17188,1116,n/a,n/a,n/a,n/a,Co-ed,('n/a' 'n/a'),45%,0%,4%,27%,10%,&lt; 1%,7%,52%
nassau community college,One Education Dr Garden City NY 11530-6793,(40.72991 -73.59328),$5800,$11600,2236,n/a,n/a,n/a,n/a,Co-ed,('n/a' 'n/a'),64%,0%,8%,20%,33%,&lt; 1%,7%,31%
national american university rapid city,5301 Mount Rushmore Road Rapid City SD 57701-2823,(44.036715 -103.246945),$15660,$15660,6,n/a,n/a,n/a,n/a,Co-ed,('n/a' 'n/a'),25%,0%,2%,28%,12%,3%,12%,42%
national louis university nlu,122 S Michigan Ave Chicago IL 60603,(41.87986 -87.62443),$11505,$11505,558,('97%' '98%' '95%'),1518,('52%' '48%'),38%,Co-ed,('62%' '38%'),61%,8%,3%,28%,37%,&lt; 1%,5%,28%
national park college,101 College Dr Hot Springs AR 71913,(34.51284 -93.12028),$10675,$11905,502,n/a,n/a,n/a,n/a,Co-ed,('n/a' 'n/a'),59%,0%,2%,12%,11%,2%,2%,72%
national university,11255 North Torrey Pines Road La Jolla CA 92037-1011,(32.90933 -117.24286),$13320,$13320,n/a,('55%' '72%' '43%'),154,('39%' '61%'),45%,Enrolled women:,('53%' ''),100%,1%,8%,9%,33%,1%,16%,33%
naugatuck valley community college,750 Chase Parkway Waterbury CT 06708-3089,(41.54943 -73.07193),$4516,$13468,666,n/a,n/a,n/a,n/a,Co-ed,('n/a' 'n/a'),55%,3%,4%,10%,32%,1%,7%,46%
navajo technical university,Lower Point Road State Road 371 Crownpoint NM 87313,(35.53653 -108.2129),$10340,$10340,,n/a,n/a,n/a,n/a,,('n/a' 'n/a'),68%,0%,&lt; 1%,&lt; 1%,2%,96%,&lt; 1%,1%
navarro college,3200 W 7th Avenue Corsicana TX 75110,(32.07448 -96.49815),$11530,$13390,821,n/a,n/a,n/a,n/a,Co-ed,('n/a' 'n/a'),55%,1%,1%,16%,17%,1%,7%,58%
nazareth university,4245 East Ave Rochester NY 14618,(43.10279 -77.51464),$52405,$52405,503,('86%' '87%' '81%'),4050,('74%' '26%'),15%,Co-ed,('74%' '26%'),85%,2%,3%,6%,6%,&lt; 1%,5%,79%
nebraska college of technical agriculture,404 East 7th Curtis NE 69025-9552,(40.63488 -100.51118),$14081,$14081,107,n/a,n/a,n/a,n/a,Co-ed,('n/a' 'n/a'),73%,0%,&lt; 1%,&lt; 1%,4%,&lt; 1%,2%,94%
nebraska indian community college,1111 Hwy 75 Macy NE 68039-0428,(42.11846 -96.35516),$4080,$4080,16,n/a,n/a,n/a,n/a,Co-ed,('n/a' 'n/a'),50%,0%,1%,1%,2%,77%,&lt; 1%,18%
nebraska methodist college of nursing and allied health,720 North 87th Street Omaha NE 68114,(41.26575 -96.04806),$26027,$26027,50,('84%' '83%' '83%'),105,('94%' '6%'),57%,Co-ed,('98%' '2%'),83%,0%,2%,5%,6%,&lt; 1%,5%,82%
nebraska wesleyan university,5000 St Paul Ave Lincoln NE 68504,(40.83925 -96.65094),$49278,$49278,405,('82%' '86%' '77%'),2507,('50%' '50%'),20%,Co-ed,('52%' '48%'),83%,1%,2%,3%,8%,&lt; 1%,6%,81%
